date,txVolume(USD),adjustedTxVolume(USD),txCount,marketcap(USD),price(USD),exchangeVolume(USD),realizedCap(USD),generatedCoins,fees,activeAddresses,averageDifficulty,paymentCount,medianTxValue(USD),medianFee,blockSize,blockCount
2/03/2018,,,0,,,,,0,0,0,,0,,,0,0
3/03/2018,,,5405,,,,,18995946.72,6.05442323,24614547,16786.71172,2228,,0.000288,5112950050,6610
4/03/2018,,,8875,,,,,900.4601171,5.49512874,19448,568843.2751,15061,,0.000288,10045126,577
5/03/2018,,,4884,,,,,898.1916916,2.16795791,11788,467466.2325,19501,,0.0001,6623724,575
6/03/2018,,,3908,,,,,904.4535007,2.13093114,14222,534188.9659,15875,,0.0001,27697542,579
7/03/2018,,,5967,,,,,832.4537448,5.76167348,38815,529249.4909,17543,,0.000288,146436387,533
8/03/2018,,,3388,,,,,898.3893364,0.99609019,9061,435645.8848,18069,,8.66E-05,5256464,575
9/03/2018,,,3602,,,,,885.8501316,1.89001061,10213,416773.8281,22413,,0.0001,5373847,567
10/03/2018,5995066.492,4400417.968,2435,0,65.82,290526,0,904.6569644,0.57545699,6992,360217.3702,21092,118.3491655,0.0001,4229047,579
11/03/2018,4527840.658,2649518.655,2460,0,62.04,298409,0,876.5306122,0.87115972,6558,346232.8471,22941,96.60440414,0.0001,4774504,561
12/03/2018,7331100.19,5655029.445,3078,0,76.82,732879,0,895.2065315,0.89753291,8138,379043.8738,19470,143.1544618,2.44E-05,4673530,573
13/03/2018,9183683.722,7343510.024,2835,0,68.05,1210660,0,881.2254956,0.66412904,9327,357240.7311,15947,149.709231,1.55E-05,5860582,564
14/03/2018,5593673.764,4630831.504,3007,0,47.24,761219,0,881.1751844,0.71850288,7694,241687.1923,16898,146.0883111,1.05E-05,4255129,564
15/03/2018,2325534.972,2126168.888,2419,0,41.69,596990,0,895.2615969,0.42797219,5942,228615.5322,15778,88.57876926,1.12E-05,3864377,573
16/03/2018,2042633.159,1910392.719,2215,0,38.49,541483,0,887.4677707,0.32538575,5760,238378.7945,17616,73.04565612,1.36E-05,3798188,568
17/03/2018,1535396.66,1457652.698,2043,0,36.93,492844,0,901.5354779,0.36209397,5000,198931.9902,17014,68.14293059,1.41E-05,3741537,577
18/03/2018,1187769.698,1114122.778,2001,0,28.49,661798,0,901.4882443,0.40525483,4895,192941.5284,17888,47.07299253,2.44E-05,3718204,577
19/03/2018,1073435.207,966790.7345,2036,0,30.7,618000,0,892.1460216,0.4428168,5020,193478.2975,18006,52.39939396,1.55E-05,4157992,571
20/03/2018,1156277.085,1053100.082,1998,0,34.41,620125,0,892.1582534,0.42295267,4824,204195.7356,17242,55.04326555,1.99E-05,3757181,571
21/03/2018,2108032.927,1884692.856,1916,0,34.54,557110,0,898.3870881,0.2990565,4741,212219.9822,15780,60.28045351,2.25E-05,3588107,575
22/03/2018,1002175.963,866473.9422,1720,0,32.27,365000,0,892.1620317,0.50961858,4279,190797.2862,16028,51.32458081,2.84E-05,3426301,571
23/03/2018,1931892.567,1461394.484,1727,0,30.13,618909,0,895.2816361,0.19369694,4216,199072.2585,18080,47.15964202,5.46E-05,3517127,573
24/03/2018,836539.1707,758382.5273,1591,0,30.55,403460,0,890.5545893,0.23181725,3835,171444.3881,15755,47.75674646,4.02E-05,3315660,570
25/03/2018,654164.2845,612338.0955,1589,0,28.19,354274,0,887.4826241,0.21017635,3687,175780.6647,16878,44.07503315,7.24E-05,3454972,568
26/03/2018,745233.5138,680936.8296,1618,0,28.84,470057,0,899.9559674,0.28334074,3777,177678.8265,16046,45.22637061,0.0001,3615583,576
27/03/2018,1468513.781,1059714.105,1753,0,26.13,443011,0,887.4744065,0.3073991,4051,173539.3384,17943,40.95302692,8.35E-05,3739136,568
28/03/2018,759198.1636,714307.2896,1783,0,25.93,402676,0,912.4450275,0.2367823,3948,159995.8501,17160,40.80745444,4.92E-05,3941030,584
29/03/2018,1457242.511,1046555.935,1594,0,28.15,296954,0,884.3471876,0.22176787,3521,180954.8959,17297,43.99391729,0.0001,3635466,566
30/03/2018,670248.8575,641102.7297,1500,0,24.2,392420,0,909.3339545,0.24101153,3365,172672.3576,17326,37.86114636,0.0001,3449201,582
31/03/2018,1118504.064,768570.1464,1556,0,24.29,256142,0,870.2867844,0.16314373,3416,175772.4224,16430,37.97069153,0.0001,3410510,557
1/04/2018,637185.9575,598282.7604,1496,0,24.2,203537,0,909.3621815,0.41189372,3230,163802.8703,17427,37.82127613,0.0001,3591945,582
2/04/2018,366418.7311,319600.9381,1485,0,22.69,198008,0,903.0744979,0.23539123,3165,163369.7891,16280,35.45322779,0.0001,3433431,578
3/04/2018,527365.1342,472274.8782,1511,0,23.24,383172,0,878.0956989,0.27484925,3226,154379.7856,13120,36.49343665,0.0001,3366825,562
4/04/2018,462986.1662,419268.9912,1495,0,22.99,316896,0,902.9719487,0.54502946,3216,147810.759,14844,36.1100447,0.0001,3634037,578
5/04/2018,1126027.424,1105916.988,1434,0,20.24,223586,0,876.4620277,0.23380834,3126,144777.7609,14988,31.63660319,0.0001,3353750,561
6/04/2018,711137.6344,692013.4007,1496,0,20.11,130238,0,899.9646961,0.50062045,3059,155261.2354,16698,31.421875,0.0001,3686268,576
7/04/2018,675307.6569,653215.6611,1509,0,18.91,315307,0,895.279458,0.40344654,3123,139667.1742,16110,30.41330926,0.0001,3551769,573
8/04/2018,691878.2616,614208.5503,1669,0,17.26,372790,0,890.555348,0.35438193,3316,119915.2949,17492,27.01249582,0.0001,3955690,570
9/04/2018,536455.6663,495824.2924,1617,0,14.63,286241,0,887.4729211,0.37477075,3198,113222.879,15608,22.86160388,0.0001,3568059,568
10/04/2018,384713.8878,369362.0422,1490,0,14.43,251160,0,903.0405185,0.24745584,2971,115520.7262,15204,22.74899846,6.71E-05,3479479,578
11/04/2018,287837.9374,273804.5568,1453,0,15.26,274936,0,871.8199325,0.38888613,2911,104119.3492,14336,23.85061166,0.0001,3357694,558
12/04/2018,1164608.7,806108.0931,2092,306850764,15.04,1069420,0,938.8749652,0.74682448,4089,121713.4772,15094,35.56362716,3.50E-05,4134562,601
13/04/2018,9612356.88,7229288.297,2627,615330708.6,30.16,944433,0,891.9977104,0.74606015,5585,162057.6519,17776,66.975181,0.0001,5905742,571
14/04/2018,1088561.225,941186.1949,2065,545761533.9,26.75,698411,0,874.8961221,0.70580703,4232,150072.0879,18948,43.48912013,0.0001,4693945,560
15/04/2018,687008.5493,592665.9434,1832,494765348.2,24.25,650749,0,906.1299694,0.52560435,3634,135433.7341,17281,37.9046415,0.0001,3893815,580
16/04/2018,656251.5787,535947.885,1708,556671288.8,27.28,389245,0,892.0998298,0.3263186,3516,146392.8307,18796,42.63305333,0.0001,3628026,571
17/04/2018,1057427.461,564180.9679,1671,517864366.2,25.38,444854,0,887.3911946,0.39517243,3388,144803.9945,16507,45.72417603,6.81E-05,3399940,568
18/04/2018,933079.5332,895097.3339,1790,489564364.1,23.99,603318,0,896.6461035,1.71574433,4122,146835.4249,15946,58.93174399,0.0001,4714672,574
19/04/2018,2223083.092,2060217.32,2067,565561940.2,27.72,1039730,0,897.5983863,3.37188224,6243,154490.8692,17799,68.83442902,0.0001,6306978,575
20/04/2018,1757862.167,1424756.295,1876,646475906.2,31.68,763061,0,877.9376386,0.80867501,3790,161126.4832,14824,64.72200398,0.0001,4419482,562
21/04/2018,2479627.546,2256027.842,2902,736403817,36.09,1700190,0,927.9835572,1.59310012,5314,205122.0112,16393,87.97124013,0.0001,6263449,594
22/04/2018,9191047.502,6006394.296,2956,958932371.5,47,2375430,0,904.4012668,1.26721238,5755,249544.2262,15227,140.9999013,0.0001,6156829,579
23/04/2018,3436998.659,3079508.59,2942,957798481.5,46.94,1763280,0,876.4850365,1.36647338,5712,259995.2413,16919,88.47344423,5.24E-05,5677973,561
24/04/2018,4681540.473,4336224.934,2963,1099577482,53.89,2184500,0,874.9045147,0.84883336,6209,231535.1937,17831,125.2614843,2.89E-05,6183035,560
25/04/2018,3678015.63,2454925.881,2436,1049419358,51.43,1286150,0,903.0777785,0.69543777,4662,215278.2666,16582,80.66610815,5.04E-05,4692716,578
26/04/2018,4583515.699,4308590.123,2193,908161054.4,44.48,1196900,0,881.1989625,0.55072254,4234,225820.4192,13897,69.50030424,0.0001,4366893,564
27/04/2018,3997314.666,3819016.53,2275,1024045680,50.16,1547370,0,874.8883365,0.91800018,4261,210691.3552,14846,80.05994613,0.0001,4606292,560
28/04/2018,3480079.424,3197401.604,2185,816713344.6,40,2031560,0,887.3679277,0.99811991,4605,169182.2608,16598,109.1435136,0.0001,4581340,568
29/04/2018,77531695.55,77444676.38,2605,757160405.9,37.08,1125860,0,893.6046373,1.19382427,4673,144389.2566,16677,115.369996,0.0001,11659012,572
30/04/2018,1919284.856,1817008.301,2192,709944464.5,34.77,1731620,0,902.7965966,1.64670354,4761,155919.8705,16424,55.053019,0.0001,5997294,578
1/05/2018,2683828.517,2360890.041,2262,844646091.6,41.36,1078310,0,862.3818617,0.6528779,4678,181463.2888,16184,67.66775304,0.0001,4524101,552
2/05/2018,1157240.64,1015613.169,2084,796858189.8,39.02,798812,0,903.0565536,0.46695291,4229,163352.0659,17562,60.964848,0.0001,4387313,578
3/05/2018,8961608.295,6695854.164,3206,814981228.5,39.9,2594300,0,901.343188,1.96286248,6964,158103.7469,15770,140.9740899,0.0001,5830732,577
4/05/2018,11896310.04,10630369.31,2585,845888551.2,41.42,1640510,0,874.8259248,1.12687894,6097,140753.5572,16479,112.4489234,0.0001,5218280,560
5/05/2018,10536984.93,8380773.609,2320,738135030.7,36.14,1490330,0,893.5762975,2.47362617,5958,150340.8964,17339,71.03386353,0.0001,5736002,572
6/05/2018,1882127.465,1602964.897,2132,654590489,32.05,867677,0,910.6772943,0.97106029,3852,141416.7072,19076,56.67091224,0.0001,4495405,583
7/05/2018,1703907.12,1277236.887,1983,659864038.8,32.3,959594,0,874.8082688,0.59129387,3578,144281.6754,16700,62.33988276,0.0001,3952393,560
8/05/2018,2234858.791,2012328.445,1897,595481344.4,29.15,1022310,0,882.7137924,0.72080991,3617,118051.7438,16303,54.75947715,0.0001,4006887,565
9/05/2018,1762163.586,1247061.048,2086,552368743.6,27.04,1652960,0,909.2939958,0.58104927,3905,131206.581,16801,42.35704136,0.0001,4330996,582
10/05/2018,2822559.556,2165825.306,1801,626859420.8,30.68,952536,0,896.7971841,0.60167846,3540,138950.2667,15928,70.16688636,0.0001,4244553,574
11/05/2018,1466927.254,1175834.043,1662,569837384,27.89,552912,0,892.1440228,0.89962263,3162,128531.1874,18384,47.30234921,0.0001,4029264,571
12/05/2018,615791.1067,418133.0205,1640,492829787.9,24.12,784428,0,889.0009908,0.47656172,2922,125561.7529,16495,47.62665083,6.26E-05,3646185,569
13/05/2018,593973.8271,455248.1303,1649,497083060,24.33,784311,0,898.3004716,0.65844204,3296,120488.8451,17104,51.06255246,0.0001,4253218,575
14/05/2018,1367308.95,987896.6939,1609,525040925.6,25.7,728059,0,887.4930284,0.68498439,3210,121673.0761,16580,79.50391478,0.0001,4140369,568
15/05/2018,1051696.453,871450.2787,1651,486875324.3,23.83,705934,0,889.0524117,0.77942351,3351,112104.047,14996,38.76202694,0.0001,4335842,569
16/05/2018,631459.3835,528544.1472,1682,490446451.2,24,520817,0,904.6864043,0.51440348,3017,106977.9766,16206,45.1016976,0.0001,3901470,579
17/05/2018,1459617.801,991724.8889,1701,472234273.6,23.11,606420,0,885.9375,0.57796744,3059,106031.8642,15050,36.1329472,0.0001,4239340,567
18/05/2018,1120421.257,997508.017,1597,464326282.7,22.72,668389,0,903.125,0.53551593,2891,106421.2932,15695,35.58082731,0.0001,3756222,578
19/05/2018,607289.8119,495727.2453,1569,448343595.6,21.94,553814,0,890.6249515,0.423581,2804,110637.3678,14878,34.2930546,0.0001,3663090,570
20/05/2018,465165.083,353265.1348,1712,461262759.6,22.57,279866,0,899.9976137,0.67541313,3027,97630.90113,14698,35.28417212,0.0001,4399124,576
21/05/2018,617662.8045,522448.2579,1731,465503142.7,22.78,455302,0,879.6825892,0.51818943,3006,100776.671,14010,35.83889241,0.0001,4028988,563
22/05/2018,1570915.688,1001625,1837,431846404.2,21.13,1029390,0,892.172787,0.7333161,3139,93662.02455,13842,48.04650797,0.0001,4044193,571
23/05/2018,1953359.575,1477593.308,1810,400899565.7,19.61,917903,0,890.4809071,0.67068468,3133,93339.86486,15278,32.56663978,0.0001,4086824,570
24/05/2018,1775687.221,1411065.194,2019,376409844,18.41,2077110,0,921.8632831,0.72053786,3862,101701.2849,16992,56.95429551,0.0001,3960544,590
25/05/2018,6727064.867,6199506.764,1916,533901712.1,26.12,1171300,0,898.4344928,0.98493805,3947,130776.5618,18633,41.21170737,0.0001,4390628,575
26/05/2018,1247735.237,1028336.231,1684,514571123.9,25.17,705891,0,882.812048,0.55166009,3574,113106.1076,15535,39.33327151,0.0001,4730283,565
27/05/2018,1097315.998,802412.6961,1671,474326006.6,23.2,968487,0,884.3722994,0.56355539,3125,117279.0436,14970,40.7500917,0.0001,3895901,566
28/05/2018,1285505.085,955755.9372,1729,462165513.9,22.6,1004910,0,900,0.57848658,3297,126966.3366,14658,42.94,0.0001,3811429,576
29/05/2018,1616751.795,1322417.82,1606,449319304.4,21.98,673225,0,898.4354356,0.45409656,3283,124655.6587,15739,34.36915734,0.0001,3843383,575
30/05/2018,1210643.539,789743.2845,1743,455409400.3,22.27,372582,0,876.5607327,0.49958794,3003,117829.1986,13926,35.53212796,0.0001,3919095,561
31/05/2018,1509000.377,1342447.179,1557,451388115.8,22.07,578711,0,907.8123806,0.65893952,2922,116287.6879,14296,34.4996033,0.0001,3839684,581
1/06/2018,855959.6757,660224.4654,1704,474197681.6,23.19,872503,0,903.1090971,0.56264647,3084,124962.1393,15380,41.78034443,0.0001,3918147,578
2/06/2018,2979296.177,1415586.442,1496,484687538,23.7,626797,0,896.8742045,0.71493674,3040,130071.56,15282,47.49339127,0.0001,4165552,574
3/06/2018,5495216.377,3655116.757,1638,516202765.9,25.24,889418,0,879.6854822,0.82875791,3081,126341.2342,15535,47.79627547,0.0001,3964909,563
4/06/2018,3279927.397,2705893.285,1641,493222874.9,24.11,915701,0,906.2482272,0.81119263,2990,117505.4309,14887,37.69287433,0.0001,3850935,581
5/06/2018,3766711.948,2768752.547,1705,413589761.4,20.22,963325,0,881.2496827,0.58993134,2986,111545.2594,13881,31.81431704,0.0001,3851913,564
6/06/2018,2780363.778,1762037.375,1662,394789045.5,19.3,774688,0,896.8731251,0.51583261,2856,111713.0058,14157,30.18850976,0.0001,3718696,574
7/06/2018,2189393.804,2141938.977,1606,394030845.4,19.26,507770,0,904.6874818,0.55611764,2694,103341.4816,14705,30.10693251,0.0001,3881781,579
8/06/2018,2406813.876,1929072.612,1464,384631749.8,18.8,456470,0,887.4989358,0.39101285,3249,108476.4645,11599,29.42389993,0.0001,3720331,568
9/06/2018,559566.8272,497877.6499,1402,379365460.6,18.54,307996,0,892.186969,0.37058068,2601,107684.9839,11882,28.97349921,0.0001,3286056,571
10/06/2018,834581.1647,750140.7406,1547,372647321.4,18.21,271417,0,898.4364633,0.51083314,2877,104274.6949,12397,29.76557688,0.0001,4086246,575
11/06/2018,800496.1861,590977.7946,1486,329165629.6,16.09,263481,0,906.2494801,0.57484012,2478,113094.592,12488,25.33725751,0.0001,3952132,580
12/06/2018,745878.8787,697287.4529,1654,333844739.1,16.32,402699,0,889.0619634,0.75049085,2507,108180.6397,11187,25.50015879,0.0001,4086317,569
13/06/2018,1490780.996,1024105.911,1510,295921632.1,14.46,568814,0,920.3122564,0.39252283,2370,100877.0652,10580,22.65523464,0.0001,3637402,589
14/06/2018,1457868.983,1069757.978,1491,289968419.4,14.17,498450,0,896.8738086,0.47133219,2511,105786.6669,10837,22.41909313,0.0001,3991616,574
15/06/2018,900057.1197,700572.6787,1360,325633842.4,15.91,365564,0,876.5621593,0.59899581,2197,115247.6235,9397,24.87673186,0.0001,3282015,561
16/06/2018,942399.2878,597157.2743,1309,302187811.5,14.77,334156,0,890.6249647,0.27902847,2193,105718.6828,10725,24.00556373,0.0001,3104666,570
17/06/2018,2817202.318,1344324.456,1308,314623596.4,15.37,244955,0,899.9970103,0.30230097,2148,125310.0224,11177,24.01433146,0.0001,3166998,576
18/06/2018,2375927.026,2054806.934,1343,311051678.5,15.2,406280,0,893.7493883,0.5112099,2417,123629.3083,9372,23.75616588,0.0001,3707695,572
19/06/2018,281656.687,248936.6789,1428,323250936.4,15.79,320363,0,887.4977101,0.63437131,2174,125724.0497,7890,24.73960084,0.0001,3966523,568
20/06/2018,1010107.206,830738.4066,1512,313074902.5,15.3,271704,0,910.9369,0.31537022,2285,131884.7808,7983,23.9223101,0.0001,3507495,583
21/06/2018,567038.6199,524341.8658,1511,307123758.7,15.01,230854,0,874.9990977,0.29722678,2251,119229.1245,8158,23.45726026,0.0001,3353159,560
22/06/2018,538643.984,416410.4072,1431,299570196.8,14.64,371814,0,914.0623622,0.55774361,2133,104463.6355,9055,22.87802741,0.0001,3349668,585
23/06/2018,176844.4057,160620.414,1356,252416903.6,12.33,198376,0,910.9361962,0.55936315,1966,123111.4721,8633,19.27253214,0.0001,3711508,583
24/06/2018,468758.2943,420441.2139,1354,246140841.2,12.02,233909,0,868.75,0.42452267,1957,112978.8511,6837,18.92213053,0.0001,3242285,556
25/06/2018,829748.4425,799370.0616,1355,240568114.1,11.75,309060,0,901.5623713,0.57006633,1970,111019.1818,6339,18.36175156,0.0001,3521349,577
26/06/2018,474331.9024,398340.246,1431,250541799.6,12.24,322816,0,885.9368523,0.32320744,3584,123164.2259,6645,19.29625253,0.0001,10031819,567
27/06/2018,1609739.054,1377019.709,1339,224162726,10.95,266467,0,879.6872962,0.23848948,1882,111433.3805,6694,17.2638622,0.0001,2910853,563
28/06/2018,159681.4769,137372.1527,1355,221858161.9,10.84,204554,0,909.3730474,0.33184045,1892,93544.56048,7751,16.9375,0.0001,3374722,582
29/06/2018,1089388.075,864931.7697,1351,203826584.9,9.96,306163,0,887.4998,0.3058379,1844,94954.58882,7179,15.56353206,0.0001,3283230,568
30/06/2018,243856.3986,218235.4436,1227,206939839.1,10.11,267029,0,893.7477437,0.22729918,1815,101342.0269,6629,15.79794039,0.0001,2995014,572
1/07/2018,140662.7735,124537.1846,1315,226793090.6,11.08,228597,0,889.0615185,0.29668767,1811,99514.56218,7893,17.31133682,0.0001,3336474,569
2/07/2018,495044.2458,419173.7498,2462,216800575.4,10.59,261978,0,915.6247593,1.23722083,54024,100574.4779,6747,21.18,0.0001,100217927,586
3/07/2018,399958.1083,314307.5932,1341,229873895.3,11.23,194980,0,884.3746515,0.40005943,11570,109925.9154,5323,17.545752,0.0001,23062193,566
4/07/2018,234000.4008,189504.7396,1294,231354699.5,11.3,154273,0,904.6864537,0.38226883,1959,110414.9711,6514,17.74098723,0.0001,4437975,579
5/07/2018,235685.3992,219961.2508,1151,225345217.2,11,279617,0,890.6235874,0.66005152,1825,109012.7187,6326,29.18390904,0.0001,3040475,572
6/07/2018,188841.2625,153600.3675,1323,212544277.2,10.38,219036,0,901.4260885,0.636382,1784,101488.2323,5135,16.2322851,0.0001,3619176,577
7/07/2018,278855.136,203220.2698,1131,219799034.2,10.73,219193,0,878.1053537,0.3669958,1536,101455.9408,4886,16.7667818,0.0001,2893381,562
8/07/2018,279530.2291,207181.2318,1362,217835847.5,10.64,156556,0,906.2372719,0.3991799,1737,90236.66451,5572,16.62532165,0.0001,3581717,580
9/07/2018,236981.0152,216751.7882,1320,209337150,10.22,208957,0,899.9700655,0.34924828,1876,95271.77553,5253,16.05951331,0.0001,3695392,576
10/07/2018,267067.6854,240587.0873,1269,202370816.5,9.88,272086,0,887.4613001,0.39146715,1681,97069.39314,4794,15.44839033,0.0001,3061398,568
11/07/2018,497166.2654,378430.6482,1301,194026284,9.47,175414,0,907.8099508,0.4688389,1698,105867.9024,4600,14.92409318,0.0001,3308432,581
12/07/2018,389156.3156,327569.033,1309,189345878.4,9.24,225068,0,868.7427067,0.26554314,1532,98041.08811,4079,15.46422847,0.0001,2972721,556
13/07/2018,1253980.83,367331.0243,1298,171163810.2,8.35,250272,0,917.1699704,0.25083144,1575,85588.73042,4312,13.12839755,0.0001,2923125,587
14/07/2018,287810.9303,231331.3873,1251,165065544.7,8.06,185345,0,876.543032,0.2685584,1461,82879.13111,3991,12.61518493,0.0001,3614737,561
15/07/2018,171214.3876,159497.6137,1276,159699187,7.79,172147,0,910.8872914,0.30253255,1600,76411.46714,5156,12.17818591,0.0001,3111409,583
16/07/2018,1013494.74,961637.1337,1321,161505142,7.88,395675,0,907.7337721,0.28654877,1716,77851.72208,5150,12.39921562,0.0001,3216831,581
17/07/2018,277326.8804,124780.9206,1289,165612996.5,8.08,308653,0,892.1637103,0.32701107,1557,76606.34143,5717,12.625,0.0001,3165832,571
18/07/2018,666420.5572,483370.4034,1544,170663101.6,8.33,324123,0,899.954866,0.42606352,1778,77573.79871,6306,13.02411302,0.0001,3305559,576
19/07/2018,358686.6357,265856.1143,1319,171513611.3,8.37,247022,0,881.2119177,0.20378255,1573,71545.22214,5483,13.07910387,0.0001,3752572,564
20/07/2018,1079230.84,915231.9668,1393,167620163.1,8.18,419682,0,928.0625006,0.26305135,2007,70140.7639,5662,12.79121332,0.0001,3168877,594
21/07/2018,634445.4186,452147.5943,1290,140976703,6.88,357475,0,884.3433479,0.33357789,1610,68689.75387,6055,10.75925229,0.0001,3127770,566
22/07/2018,383009.8107,330995.7531,1246,137834110.4,6.73,254913,0,910.9227733,0.21769174,1470,68428.90503,6327,10.517786,0.0001,3219499,583
23/07/2018,430748.6964,401204.5224,1160,138497130.2,6.76,292171,0,904.6369607,0.21036576,1453,79856.37813,5269,10.56292453,0.0001,2999433,579
24/07/2018,599021.1083,516474.9459,1258,152983447.4,7.46,760658,0,889.0192313,0.45371842,1782,85789.83299,5436,12.29622057,0.0001,3161017,569
25/07/2018,356000.5431,289953.1626,1212,177357148.8,8.65,274657,0,907.7898793,0.31406254,1525,82767.20599,5787,13.5166854,0.0001,3016986,581
26/07/2018,1403601.198,1335673.87,1195,170731671.2,8.33,331355,0,901.5350714,0.28192361,1659,90187.25131,5587,13.025621,0.0001,3113153,577
27/07/2018,769274.2175,665939.6563,1076,154856387.4,7.55,281703,0,893.7356869,0.23141626,1264,81569.25374,5589,11.79692415,0.0001,2844505,572
28/07/2018,450107.9928,333246.407,1213,153548827,7.49,300221,0,874.9771895,0.24391353,1366,68829.40726,7412,11.70329555,0.0001,2932018,560
29/07/2018,668585.2339,451957.2096,1316,154014775.8,7.51,374275,0,893.7106784,0.3210888,1491,62391.60383,8555,11.73441668,0.0001,3436657,572
30/07/2018,502582.6651,441362.1174,1328,146916072,7.17,404150,0,884.3335451,0.24060634,1583,64340.92311,7354,11.203125,0.0001,3195373,566
31/07/2018,879142.0795,738395.3542,1101,140626061.5,6.86,368156,0,917.1547084,0.31798467,1751,66837.0681,5583,11.19760702,0.0001,2913701,587
1/08/2018,549577.6102,402449.928,1285,123568325.1,6.03,540453,0,890.5501862,0.46255515,1628,61685.43168,6671,9.421875,0.0001,3287177,570
2/08/2018,455005.6608,364119.7872,1200,124940203.5,6.09,281191,0,890.5946525,0.22637439,1487,62168.21895,5919,9.515016,0.0001,2967604,570
3/08/2018,698398.288,523035.475,1277,118934752.5,5.8,277584,0,920.2942754,0.25374052,1469,64607.14117,6806,9.06192,0.0001,3228559,589
4/08/2018,385378.3459,304603.2592,1203,112257720.2,5.47,255570,0,887.4671705,0.21324494,1312,59643.43477,6593,8.546328,0.0001,2977980,568
5/08/2018,435384.041,319991.5831,1248,103055905,5.03,207013,0,899.9815428,0.22013936,1316,62230.55417,6575,7.858872,0.0001,3254030,576
6/08/2018,582845.2146,401775.1681,1213,103129958.5,5.03,181035,0,899.9639288,0.83027271,1337,59636.04508,6209,7.858916918,0.0001,3314033,576
7/08/2018,194236.3772,136528.027,1290,98908943.89,4.82,182824,0,882.7850276,0.21174006,1422,52941.39337,7471,7.530768,0.0001,3029679,565
8/08/2018,378034.0334,280705.3193,1313,97073856.64,4.73,177299,0,920.2942001,0.25814725,1352,57805.31497,6202,7.390152,0.0001,4170765,589
9/08/2018,167852.5871,121560.1529,1134,89019731.68,4.34,159006,0,871.8636148,0.32066754,1267,59715.37989,5752,6.780382564,0.0001,2947118,558
10/08/2018,472181.4737,441112.7083,1125,94081648.06,4.59,153744,0,871.8224773,0.24525994,1361,57491.46856,5961,7.171517393,0.0001,3016552,558
11/08/2018,149528.0944,123089.4443,1218,87489020.62,4.26,161840,0,923.426736,0.20470685,1382,56017.27355,6552,6.655824,0.0001,3058356,591
12/08/2018,319622.1051,238157.1818,1218,82639819.5,4.03,195497,0,890.6030203,0.33662792,1337,53172.11903,6651,6.296917234,0.0001,3265016,570
13/08/2018,367552.1812,260069.4671,1188,78052215.56,3.8,226533,0,867.1575855,0.25271365,1303,54662.52725,6011,5.937143028,0.0001,2969126,555
14/08/2018,225664.2752,175293.6468,1169,70165185.25,3.42,207155,0,893.6716763,0.57469316,1413,53352.97834,5073,5.344538789,0.0001,3332612,572
15/08/2018,314916.9935,231370.9339,1203,63174168.52,3.08,300811,0,912.4653054,0.28408313,1368,53594.79359,4263,4.819652284,0.0001,3747633,584
16/08/2018,58412.15308,29224.17652,1087,67254117.43,3.28,123198,0,878.0771617,0.26225698,1206,54418.16081,4314,5.125018926,0.0001,3059265,562
17/08/2018,263193.6676,211768.0079,1214,69732856.43,3.4,283242,0,924.9836536,0.24384467,1511,60541.47239,5147,5.331040608,0.0001,3164191,592
18/08/2018,490220.8707,430346.4916,1210,93338555.27,4.55,213289,0,874.9665251,0.38665979,1397,63039.47674,5377,7.10892,0.0001,3279812,560
19/08/2018,125413.341,80177.69491,2145,88717501.21,4.32,127664,0,892.1322303,0.38558659,1317,58062.37637,5438,6.615024883,8.16E-06,5750136,571
20/08/2018,73377.49809,70539.84087,1774,85465424.8,4.17,146496,0,887.4942458,0.21500387,1293,58768.57698,5830,6.450943379,1.87E-05,3351207,568
21/08/2018,70344.56523,50188.53023,1259,75960193.1,3.7,148428,0,898.423875,0.19261662,1227,54862.42337,6376,5.780859095,0.0001,3036878,575
22/08/2018,76232.49952,55317.7091,1296,74982794.49,3.65,163285,0,885.928501,0.22225306,1379,59296.08504,5430,5.70276,0.0001,3343447,567
23/08/2018,45068.66975,38929.95909,1192,76691852.29,3.74,121366,0,920.302075,0.21574692,1313,62988.88442,5239,5.843376,0.0001,3114690,589
24/08/2018,134809.5828,132497.105,1181,81918525.48,3.99,161928,0,881.2406956,0.1900669,1277,66942.05541,5644,6.233577,0.0001,3013252,564
25/08/2018,224606.1444,171296.3552,1447,85967249.7,4.19,145814,0,893.6629192,0.32322012,1283,67644.41304,5844,6.494974811,0.0001,3345204,572
26/08/2018,106065.7967,58009.78165,1531,86627747.57,4.22,137995,0,928.0762759,0.25413952,1240,64430.28175,3831,6.5274235,0.0001,3536304,594
27/08/2018,74575.02756,69064.74416,1094,81548788.59,3.97,219001,0,904.659761,0.34382767,1232,64819.42105,4304,6.202756108,0.0001,3460960,579
28/08/2018,125483.0637,75088.52065,1170,91418304.79,4.45,218041,0,878.0682477,0.23449977,1293,68426.34489,4841,6.952237537,0.0001,2960776,562
29/08/2018,128994.7444,115607.9293,1228,90910386.45,4.43,178632,0,924.9763026,0.39756071,1323,69233.34843,4592,6.921716938,0.0001,3360763,592
30/08/2018,50293.55228,46588.12759,1151,92456944.13,4.5,127202,0,878.0873014,0.19774702,1258,71019.33517,4569,7.0308,0.0001,3417504,562
31/08/2018,77010.80611,30702.57787,1146,91058190.82,4.44,110610,0,909.3661583,0.13086413,1176,73189.53621,4693,6.937050983,0.0001,2876926,582
1/09/2018,46763.40654,43729.22603,1238,93292844.93,4.55,145810,0,915.5298935,0.30424908,1276,77430.39841,5357,7.10892,0.0001,3043388,586
2/09/2018,70316.73864,68144.76534,1021,96199439.92,4.69,135734,0,885.9067829,0.41294547,1233,83690.26038,4271,7.328135599,0.0001,2716491,567
3/09/2018,294780.7391,292270.1472,1115,96383445.33,4.7,194060,0,892.1717056,0.37881452,1351,81289.07585,4327,7.34328,0.0001,2877765,571
4/09/2018,278191.2476,180134.5037,1132,90862155.82,4.43,284961,0,852.9979243,0.36033393,1240,76448.74829,4716,6.922004622,0.0001,2943604,546
5/09/2018,262956.5006,251417.7783,1156,86437708.82,4.21,204974,0,906.2368362,0.33250941,1273,68820.72958,5012,6.578125,0.0001,2909460,580
6/09/2018,309505.1889,269663.458,1136,72953501.12,3.55,250126,0,882.7934707,0.27185932,1377,69946.0966,5228,5.54652,0.0001,2763094,565
7/09/2018,207762.4194,155729.0131,1229,69036060.28,3.36,238670,0,890.5718361,0.30675991,1280,66311.92321,5868,5.25,0.0001,2956998,570
8/09/2018,29430.54072,27913.51959,1230,61901595.19,3.02,134049,0,924.9750481,0.19185093,1219,67225.60268,5728,4.718319348,0.0001,3074752,592
9/09/2018,192457.0179,119456.9272,1157,60373363.24,2.94,177226,0,879.6468032,0.18349318,1269,75179.93933,5564,4.593514976,0.0001,3048901,563
10/09/2018,710560.3209,493683.9267,1213,62579980.21,3.05,129240,0,901.5468884,0.22298748,1209,77215.98485,5843,4.76532,0.0001,3232365,577
11/09/2018,26575.19417,24202.15725,988,62905427.76,3.06,117289,0,895.2996793,0.17318697,1047,78577.38447,5091,4.780638,0.0001,2697337,573
12/09/2018,96399.47598,93199.35857,1050,61488621.65,3,119200,0,903.1157508,0.24268419,1259,85021.78484,5679,4.68688407,0.0001,2987156,578
13/09/2018,101513.1496,68548.10012,1105,59714910.14,2.91,212690,0,887.4952727,0.23741114,1238,83128.11842,5108,4.546865484,0.0001,2796535,568
14/09/2018,62493.74273,48112.97447,1203,58350684.53,2.84,104808,0,901.5353786,0.24020428,1183,87600.79955,5402,4.437216,0.0001,3025684,577
15/09/2018,158761.6655,140574.6934,1120,58844162.38,2.87,87271,0,885.9289112,0.17342317,1091,89593.50588,5423,4.483789147,0.0001,2886078,567
16/09/2018,41951.69906,38977.58896,1146,59984852.58,2.92,87211,0,881.239498,0.13427604,1133,96875.22127,5199,4.562208,0.0001,2841593,564
17/09/2018,84082.67049,57189.45633,1198,59634870.26,2.91,111423,0,921.8640357,0.34838922,1285,104574.6743,5522,4.547166,0.0001,3280289,590
18/09/2018,35836.58176,32406.01424,1036,57483086.42,2.8,110011,0,904.6158742,0.17633109,1048,108071.4788,4372,4.39438342,0.0001,3063545,579
19/09/2018,37864.82445,35672.73435,938,60153082.24,2.93,84958,0,876.5556452,0.23765899,1170,108528.9918,4174,4.578168716,0.0001,2912621,561
20/09/2018,66664.52273,43303.61096,849,59711635.63,2.91,91700,0,862.4953053,0.21871753,950,114799.7692,3288,4.550257875,0.0001,2359240,552
21/09/2018,61250.55864,47857.60555,1085,61099611.23,2.98,109408,0,890.6247506,0.21736655,1059,113420.7911,2759,4.65745547,0.0001,2808061,570
22/09/2018,36564.30922,30771.47526,894,62651612.47,3.05,86260,0,889.0625,0.29027486,953,108352.4351,3030,5.28490214,0.0001,2519116,569
23/09/2018,44469.25217,25995.19842,871,60079024.93,2.93,122347,0,914.0320827,0.299467,1095,111603.8493,3759,4.614843115,0.0001,2822724,585
24/09/2018,24835.12277,22089.94891,917,61590761.3,3,137489,0,871.8732267,0.10914841,924,106167.9538,3479,4.6878,0.0001,2969606,558
25/09/2018,32349.45608,28850.58147,905,59860021.9,2.92,108670,0,898.4318976,0.13555428,889,98582.11386,3965,4.563159102,0.0001,2493356,575
26/09/2018,27628.04319,25719.31778,925,57453460.3,2.8,112786,0,892.1802149,0.15412274,936,107110.3128,3864,4.375048552,0.0001,2732199,571
27/09/2018,47572.17503,31722.25603,1033,55444617.77,2.7,128290,0,898.4318304,0.16716195,1124,97390.32925,3619,4.220380692,0.0001,2926815,575
28/09/2018,184016.9923,161896.8864,1108,57784505.34,2.82,107057,0,906.2469489,0.22624504,1069,98957.98642,3397,4.405968,0.0001,3214206,580
29/09/2018,32481.46692,31847.83167,1074,55894326.63,2.72,113431,0,889.055239,0.13265597,871,98972.64914,2819,4.249753758,0.0001,2888946,569
30/09/2018,46913.80512,30012.72489,1066,53921152.22,2.63,104690,0,896.8524631,0.21761885,996,112647.5924,2719,4.109638,0.0001,3229614,574
1/10/2018,46300.57195,35218.93878,943,54254642,2.64,136844,0,896.8579982,0.25406986,993,118008.7969,3078,4.125,0.0001,2726910,574
2/10/2018,26886.37024,18730.43823,906,53997333.05,2.63,92386,0,912.4505565,0.20319538,890,117768.3939,2966,4.109112,0.0001,3076900,584
3/10/2018,33087.59925,31939.47175,934,53744832.54,2.62,112775,0,871.8579216,0.19354945,855,110922.2149,2910,4.094274,0.0001,2708861,558
4/10/2018,31575.90477,21998.65479,988,52002869.76,2.53,106506,0,901.558784,0.11924991,914,103893.0697,3387,3.952872,0.0001,2629945,577
5/10/2018,19605.18163,15637.89909,942,51351202.81,2.5,109523,0,892.173461,0.13130886,792,106358.2005,2924,3.90625,0.0001,2775377,571
6/10/2018,66242.48691,52282.70259,1150,51682365.74,2.52,114430,0,893.7225275,0.13014899,1179,108148.3504,2758,3.96390199,0.0001,2644136,572
7/10/2018,132566.8656,78769.18208,1352,52303541.14,2.55,249951,0,890.5942664,0.19228673,1562,116432.0849,3305,3.991404228,0.0001,3033973,570
8/10/2018,205868.1057,196745.6002,1243,58209006.62,2.84,128143,0,899.9613339,0.15495452,1149,118792.216,3566,4.437216,0.0001,2925807,576
9/10/2018,41875.77074,38166.52011,911,56454713.07,2.75,133405,0,881.0332614,0.092566,921,115892.4182,3276,4.2966,0.0001,2419058,564
10/10/2018,80579.15938,58930.96543,1085,57838690.74,2.82,123222,0,903.125,0.35414924,1065,109800.8618,3762,4.406523709,0.0001,2997567,578
11/10/2018,59676.7363,55500.09462,1163,57518565.2,2.8,123917,0,901.5553525,0.26960004,1015,119795.3828,4617,4.374751416,0.0001,2873915,577
12/10/2018,67224.56467,40437.8931,1022,50520622,2.46,120390,0,889.0393108,0.10741083,889,124816.3607,2995,3.843504,0.0001,2943132,569
13/10/2018,64184.69704,44371.73722,1164,50553765.77,2.46,131981,0,901.4866579,0.40182044,986,120916.2901,3666,3.835761962,0.0001,3121614,577
14/10/2018,67787.78826,66333.80592,1162,50913829.91,2.48,101654,0,890.591848,0.17926636,1185,124796.419,2915,3.874752,0.0001,3226681,570
15/10/2018,42074.7259,39999.12478,1106,49534571.59,2.41,122058,0,889.0440292,0.11703258,889,123684.9955,2310,3.765384,0.0001,3159139,569
16/10/2018,44573.35092,41596.01959,1153,51462548.56,2.51,111049,0,907.7525618,0.2358328,1009,131560.9284,2926,3.921624,0.0001,3056002,581
17/10/2018,50706.85966,45652.566,1058,53015821.68,2.58,108981,0,884.304992,0.29561538,988,122458.3405,2684,4.030992,0.0001,2773805,566
18/10/2018,72093.5636,67940.39537,1003,52856450.86,2.58,106093,0,871.8103481,0.29905252,1258,118920.3468,2869,4.030992,0.0001,3040603,558
19/10/2018,57353.77837,36835.96934,927,52154017.67,2.54,102314,0,924.9774554,0.1809164,921,124390.3185,2488,3.96875,0.0001,2755863,592
20/10/2018,25985.49992,21894.8288,759,49122044.3,2.39,96905,0,809.3678044,0.24444144,791,120422.71,1843,3.734136,0.0001,2120940,518
21/10/2018,67528.93212,51865.70855,954,50034529.29,2.44,118357,0,893.728192,0.13816042,831,109466.077,2642,3.812256,0.0001,2601005,572
22/10/2018,203623.0944,187082.2882,2380,46699530,2.28,122913,0,896.7740895,0.586797,2930,108038.6235,3245,8.091775153,5.00E-05,8743986,574
23/10/2018,68339.36093,50746.97184,1177,46034708.18,2.24,132082,0,909.3563272,0.15650724,1222,106747.4995,3179,3.5,0.0001,3147223,582
24/10/2018,26434.02428,22697.34652,1170,45533794.36,2.22,122826,0,898.3619578,0.25004103,3620,119506.5221,3180,3.468528,0.0001,3474752,575
25/10/2018,38982.6064,34575.20773,1103,47470126.35,2.31,123618,0,868.6680538,0.18689612,800,118692.894,2141,3.609144,0.0001,3211603,556
26/10/2018,68633.78974,48188.23451,981,44591125.34,2.17,112984,0,882.7930216,0.1268886,761,110582.8115,2272,3.390408,0.0001,2533522,565
27/10/2018,120380.5327,91608.51191,1016,43261110,2.11,122793,0,873.4144373,0.18755807,784,115232.4099,1943,3.296664,0.0001,2822062,559
28/10/2018,59713.48102,50973.3877,964,43391112.34,2.11,121492,0,906.2365355,0.16867793,812,108953.2782,2098,3.296891964,0.0001,2574563,580
29/10/2018,50703.5181,47410.32094,1075,45100653.62,2.2,138846,0,881.2210233,0.14908772,841,109953.0899,2563,3.43728,0.0001,2814683,564
30/10/2018,60117.34781,34550.80982,1094,42405349.81,2.07,134138,0,901.536918,0.1186881,808,117961.5275,2270,3.234176073,0.0001,2835830,577
31/10/2018,46225.76163,40607.34225,1099,41469888.34,2.02,127123,0,906.2100017,0.16420842,805,112472.1507,2412,3.156090662,0.0001,2824967,580
1/11/2018,74170.20223,69791.37928,975,39977043.68,1.95,124662,0,907.7809673,0.11728388,841,109638.9621,2166,3.04746,0.0001,2659884,581
2/11/2018,48196.61205,40079.61448,940,41606915.82,2.03,115140,0,851.4980934,0.14749659,1142,121296.1113,1766,3.17894888,0.0001,2614538,545
3/11/2018,65559.36409,48903.33586,1031,41921507.94,2.04,174156,0,918.7023208,0.18512627,842,108329.6798,2119,3.222521312,0.0001,2792368,588
4/11/2018,63971.33298,52869.35904,1169,40808813.59,1.99,124703,0,624.9843151,0.09794359,972,98543.49766,2398,3.109981453,0.0001,2780021,569
5/11/2018,138421.7474,73692.28322,1029,41086557.21,2,124472,0,432.0238087,0.24958857,856,90577.75435,2428,3.1246,0.0001,2502622,553
6/11/2018,459913.1441,187643.4473,1224,41064277.5,2.02,120875,0,453.111614,0.13334384,3084,107187.0534,5655,1.578153583,0.0001,3823351,580
7/11/2018,96612.64709,76055.58153,1490,41611926.42,2.03,111719,0,444.5127715,0.1472106,1426,83977.98063,5889,3.156099626,5.00E-05,3204167,569
8/11/2018,163571.1598,145797.259,1304,41971910.13,2.05,101126,0,442.1851249,0.2543464,1259,89607.46576,7269,3.200250142,5.00E-05,2881917,566
9/11/2018,56264.69803,43093.14378,1174,40987609.9,2,100367,0,444.5300243,0.45450392,1040,97244.03488,6205,3.10918494,0.0001,2863660,569
10/11/2018,33705.43012,22222.38059,1016,41387224,2.02,114833,0,449.2169797,0.15451381,2510,86774.94568,5897,1.582477736,0.0001,2750880,575
11/11/2018,18222.98382,13906.15267,1220,41505626.6,2.02,127260,0,450.7770731,0.23732707,961,82378.89367,5288,1.582838084,0.0001,2992007,577
12/11/2018,198373.9351,148121.4853,985,41830564.79,2.04,115721,0,445.311747,0.28102578,841,86408.80151,5355,1.593648,0.0001,2681661,570
13/11/2018,29582.59702,22627.89938,1210,41511138.05,2.02,105171,0,452.33177,1.03292745,1158,83295.86252,5823,1.698991094,0.0001,3336696,579
14/11/2018,26678.10389,19899.73843,988,40767295.64,1.99,117251,0,443.7482776,0.27687259,801,82026.29239,5261,1.59330152,0.0001,2713700,568
15/11/2018,44146.43065,24359.84942,959,36637083.44,1.79,122381,0,446.0929418,0.25600693,842,82848.15204,5930,2.082764703,0.0001,2612172,571
16/11/2018,29516.34917,17927.35205,768,36509378.2,1.78,130200,0,449.9988574,0.18169338,874,94041.98877,5166,1.613325268,0.0001,2309717,576
17/11/2018,27305.42816,21478.85141,1021,35277470.97,1.72,120293,0,446.0818298,0.16178675,794,98975.46894,7481,1.35913767,0.0001,2807016,571
18/11/2018,121028.0685,79084.85047,895,36698590.06,1.79,119289,0,454.685664,0.10404172,739,90625.10695,5858,1.398284437,0.0001,2385155,582
19/11/2018,44814.91514,32655.40558,1051,36583411.16,1.78,113669,0,445.310198,0.21217903,934,103662.8596,5579,1.390625,0.0001,2826702,570
20/11/2018,24557.0273,19728.45152,1178,33761635.29,1.65,102864,0,447.6553323,0.22201775,2902,95878.5534,5300,1.2887325,0.0001,3582549,573
21/11/2018,23457.10063,19855.12665,1154,28703988.57,1.4,134977,0,449.2120695,0.24708252,1651,107254.4189,5780,1.096613476,0.0001,3211586,575
22/11/2018,54216.72317,41492.6983,877,30029620.36,1.46,173451,0,452.3407417,0.13338922,779,131819.7217,5932,1.225340887,0.0001,2798369,579
23/11/2018,25448.967,17037.7852,810,32902743.74,1.6,134906,0,455.4687325,0.15679926,769,128033.1281,6363,2.02341456,0.0001,2476545,583
24/11/2018,13242.08637,9487.476725,927,31763472.59,1.55,107551,0,428.890875,0.30890652,777,114142.3826,5555,1.217882957,0.0001,2736558,549
25/11/2018,27605.62878,22597.91327,810,27755703.78,1.35,122701,0,449.9838568,0.54025563,698,85262.56911,2826,1.055949926,0.0001,3396580,576
26/11/2018,18749.12399,14091.50981,894,28471592.78,1.39,132272,0,451.5310372,0.15360669,757,89121.08164,3313,1.276820445,0.0001,2675508,578
27/11/2018,97313.63134,65291.12179,957,29890749.29,1.46,177468,0,447.5927005,0.2146282,813,91804.98585,2667,1.140627818,0.0001,2723285,573
28/11/2018,183979.8617,114647.7753,965,33661809.07,1.64,259859,0,434.3170664,0.16863623,810,105853.0936,2235,1.281584675,0.0001,3123404,556
29/11/2018,714887.3354,601123.8812,1434,46614496.1,2.27,428879,0,476.5341602,0.26872099,1453,125679.145,3076,1.957281849,0.0001,3837519,610
30/11/2018,146834.1419,123184.0786,1056,68017837.34,3.32,274716,0,435.1484967,0.15404235,1091,127439.1845,2863,2.695839602,0.0001,3025222,557
1/12/2018,101575.1769,83588.75155,1080,50777950.3,2.47,186778,0,460.1536567,0.42105592,949,134860.6903,2867,1.97353,0.0001,3179076,589
2/12/2018,142867.6179,71758.15578,908,53611196.71,2.61,161387,0,425.7163905,0.16757635,706,130797.6755,2157,2.039104338,0.0001,2578674,545
3/12/2018,86563.99621,79949.0408,914,46257507.04,2.25,126737,0,454.6805302,0.26414267,702,125282.6825,2475,1.799000122,0.0001,2645492,582
4/12/2018,295351.0337,242292.0375,1041,43996638.54,2.14,160825,0,447.652757,0.17251526,782,109229.4787,3021,1.672737292,0.0001,2874917,573
5/12/2018,50917.68079,45460.7728,1027,46267827.8,2.25,116195,0,449.9934527,0.16083061,4742,113239.7804,2944,1.769437913,0.0001,3494030,576
6/12/2018,43091.51255,25989.05099,988,42216944.46,2.06,107932,0,449.9887039,0.17019218,768,124026.9466,2621,1.613028534,0.0001,2579913,576
7/12/2018,24289.70583,21557.8143,1185,36526435.15,1.78,126346,0,441.4015707,0.22791057,802,126192.0795,2620,1.390625,0.0001,2947043,565
8/12/2018,15904.28362,14108.09591,1329,35325523.72,1.72,80533,0,455.4548742,0.14394032,782,117269.7882,3514,1.343402113,0.0001,3309249,583
9/12/2018,21981.04077,18134.06718,1030,38095189.68,1.86,86440,0,447.6424027,0.18581131,828,117388.7939,2400,1.453311,0.0001,2745324,573
10/12/2018,301902.5362,64181.36946,992,40176559.22,1.96,94006,0,442.9562299,0.09620485,791,130436.7141,2313,1.531459406,0.0001,2393809,567
11/12/2018,48419.76689,39810.61565,896,41893840.27,2.04,37988,0,451.5217878,0.14831751,703,125166.5954,1935,1.678671018,0.0001,2515482,578
12/12/2018,330351.1995,280356.138,1014,43238058.82,2.11,169947,0,453.1177141,0.15557198,904,144515.4195,1669,3.296295594,0.0001,2586970,580
13/12/2018,101028.4775,78739.63142,1153,57964245.53,2.82,96574,0,447.6448297,0.27061096,1019,149131.0574,2877,2.82,0.0001,3170303,573
14/12/2018,233507.5407,179608.1623,1376,48026457.44,2.34,47903,0,452.3287117,0.12239062,812,177056.6498,3310,1.818750375,0.0001,3300179,579
15/12/2018,29352.71647,25905.98787,1011,46141109.23,2.25,48896,0,439.7946325,0.20888434,752,165146.7847,2627,1.978030103,0.0001,2614325,563
16/12/2018,52754.20676,21544.8629,1013,47733218.8,2.33,68048,0,440.6109679,0.11421568,733,156149.437,2413,1.825457792,0.0001,2667244,564
17/12/2018,96431.01675,59548.9767,969,43066908.86,2.1,57496,0,457.0139875,0.09447707,686,173239.7201,1927,1.641051174,0.0001,2753806,585
18/12/2018,25311.63872,20528.61144,921,50090610.39,2.44,50606,0,447.645089,0.08649598,678,174321.1039,1810,1.938103785,0.0001,2581669,573
19/12/2018,82817.87684,69037.49341,1008,49915757.6,2.43,89465,0,446.8557054,0.12925486,766,171415.2546,2092,1.90382153,0.0001,2688784,572
20/12/2018,91403.30593,61964.26332,928,52085172.59,2.54,71779,0,442.9622658,0.26254348,732,167710.4573,1684,2.950172179,0.0001,2840722,567
21/12/2018,75433.49725,53669.54564,1219,53056767.78,2.59,82924,0,453.8167482,0.28848815,872,162679.0853,2035,2.0236965,0.0001,3110794,581
22/12/2018,22491.09452,17945.05912,1052,50372877.32,2.45,68499,0,439.8338438,0.09472531,685,154109.348,2113,1.914584816,0.0001,2744397,563
23/12/2018,226767.6606,183664.7976,997,49715688.93,2.42,117423,0,443.6487054,0.20259301,710,139584.871,2163,1.891840469,0.0001,2991566,568
24/12/2018,241338.476,214747.0926,1134,43129499.07,2.1,337862,0,453.0011383,0.66734681,1168,122234.2807,2260,4.6748793,0.0001,3261228,580
25/12/2018,34632.07756,30673.54051,890,39773203.71,1.94,109486,0,441.3904149,0.17839198,689,120731.8772,1749,1.969130128,0.0001,2648017,565
26/12/2018,37202.37312,31563.81415,818,36765362.17,1.79,51016,0,450.7750156,0.0728661,601,115913.0101,2116,1.450318072,0.0001,2323062,577
27/12/2018,115835.4364,25507.96698,890,36543469.04,1.78,83463,0,439.7254211,0.75793774,577,117821.9908,1282,1.394484396,0.0001,3012859,563
28/12/2018,30525.05583,21802.15866,892,33855916.75,1.65,87385,0,457.0162113,0.27724011,656,118253.7416,2071,1.295538156,0.0001,2635165,585
29/12/2018,190894.6842,40283.64978,869,33414001.15,1.63,66183,0,437.4918041,0.07792653,589,115038.7093,2115,1.293235447,0.0001,2558977,560
30/12/2018,41411.32355,34165.41115,1013,35415445.96,1.73,55137,0,452.322925,0.13774083,726,108533.598,2608,1.36398518,0.0001,3846454,579
31/12/2018,294979.7019,290189.581,822,37366323.45,1.82,104845,0,430.4581799,0.14217619,648,122565.3947,1428,2.815121345,0.0001,3306347,551
1/01/2019,37407.07622,35499.71183,984,33681702,1.64,57159,0,452.3284106,0.10500739,515,123023.4079,1674,1.281428022,0.0001,3060336,579
2/01/2019,67821.1442,57519.00777,1101,33869779.82,1.65,51963,0,453.8840306,0.20052414,796,115572.7328,1969,1.311802256,0.0001,2854581,581
3/01/2019,43605.41505,32039.0672,1107,34458664.39,1.68,44762,0,442.1730054,0.16321379,672,113214.0348,2203,1.312332,0.0001,2917402,566
4/01/2019,154677.5344,61207.20187,1343,33628154,1.64,34248,0,442.0725082,0.29676672,830,103176.1088,1986,1.281086,0.0001,3322641,566
5/01/2019,51365.55349,43362.27279,1256,33472369.93,1.63,45626,0,437.4879088,0.15641314,744,88696.80299,2455,1.2732745,0.0001,3604306,560
6/01/2019,13081.69039,11625.93051,1204,32983788.5,1.61,37448,0,453.90625,0.08194564,825,90202.58355,3997,1.252031038,0.0001,2690907,581
7/01/2019,33932.20626,33470.82351,1122,33452879.92,1.63,37403,0,449.21875,0.07095712,782,92061.29362,3140,1.2732745,0.0001,3005116,575
8/01/2019,78771.04513,61997.5435,1196,31366258.11,1.53,47216,0,442.96875,0.08576778,975,84846.86273,3358,1.190232013,0.0001,2806160,567
9/01/2019,561735.003,556218.176,1126,30422200.41,1.48,33364,0,433.59375,0.10447863,855,87658.39202,3185,1.156102,0.0001,3603284,555
10/01/2019,170255.6988,148829.9835,1123,30194098.67,1.47,85472,0,455.46875,0.23171426,767,83461.08658,3293,1.148300628,0.0001,2745276,583
11/01/2019,122415.5913,114130.5761,1261,25955852.17,1.26,55835,0,442.96875,0.10451246,704,76365.94242,3401,0.984249,0.0001,3297336,567
12/01/2019,15907.99953,14003.43273,1098,26117122.91,1.27,33840,0,449.9934321,0.19219678,647,78498.96233,3022,0.9919335,0.0001,2925946,576
13/01/2019,76056.32373,50287.83308,963,25533235.12,1.24,46599,0,441.4061334,0.19423784,652,96527.05527,2379,0.969135367,0.0001,2556906,565
14/01/2019,159081.1134,47785.80449,1023,24170983.23,1.18,36881,0,448.4352829,0.3453299,716,93497.24747,2522,0.921760469,0.0001,2901321,574
15/01/2019,67361.04397,66231.65229,966,27193092.09,1.32,27400,0,449.2153321,0.35562112,711,85711.75496,2599,1.034087908,0.0001,2727152,575
16/01/2019,199713.1384,196755.5292,1068,26179968,1.28,49968,0,442.1797327,0.25227799,716,84361.23439,2961,1.00528736,0.0001,3372359,566
17/01/2019,18515.77515,17589.87303,999,28507166.05,1.39,25329,0,450.7722302,0.19918877,685,92179.82452,2113,1.092427507,0.0001,2817220,577
18/01/2019,78142.28036,60383.32471,1092,27464462.3,1.34,48948,0,453.1236882,0.10341572,802,91627.52643,2084,1.046875,0.0001,3635437,580
19/01/2019,28012.26948,22916.81611,980,28238271.53,1.38,29362,0,439.0609139,0.33199877,697,97864.5915,2266,1.078125,0.0001,2721661,562
20/01/2019,191495.6892,132352.5242,939,28785256.82,1.4,22245,0,452.3422463,0.33298799,727,99551.7556,2188,1.139220334,0.0001,2804065,579
21/01/2019,51474.27011,44159.56025,759,27049531,1.32,41291,0,438.2804873,0.08912146,479,107848.4566,1292,1.031514,0.0001,2307678,561
22/01/2019,87239.7152,44149.1953,956,27141169,1.32,75472,0,450.7791055,0.15098328,627,94741.2672,1872,1.037241401,0.0001,2620360,577
23/01/2019,381382.6372,206905.3273,975,24424137.6,1.19,116399,0,447.6499095,0.20317164,766,97873.41287,2002,0.994457308,0.0001,2777604,573
24/01/2019,105777.2468,78710.45979,935,19757854.93,0.958236,33169,0,453.1212852,0.1419131,651,93228.19549,1578,0.759466088,0.0001,3014881,580
25/01/2019,105239.4094,68459.63901,989,21140233.37,1.03,124291,0,435.1533891,0.12185412,621,88395.45541,1595,0.804814396,0.0001,2777006,557
26/01/2019,151117.7516,85150.0972,1219,19086567.45,0.929941,64544,0,449.9951177,0.19045722,708,84230.44608,2014,0.726516406,0.0001,2939713,576
27/01/2019,56743.20589,51825.40603,1110,18160043.17,0.884799,54527,0,447.6413558,0.30397689,941,86366.83281,1698,0.700813427,0.0001,2879507,573
28/01/2019,62127.75505,49192.06706,1221,18256011.01,0.889475,61165,0,439.8314227,0.41846732,1307,85157.64681,1701,0.712258349,0.0001,3460696,563
29/01/2019,69956.05245,41895.25448,1141,16988987.39,0.827742,33119,0,448.2911186,0.38893359,957,80140.39577,1993,0.65391618,0.0001,3089367,574
30/01/2019,25339.1143,22144.8503,1218,16826532.15,0.819827,36382,0,447.6451458,0.30835403,900,87549.00424,2165,0.640571826,0.0001,4366367,573
31/01/2019,37895.74687,36780.76839,1088,18004970.49,0.877243,31115,0,445.2582317,0.4255806,881,87439.96101,2034,0.685657515,0.0001,3299619,570
1/02/2019,28047.16443,16753.60202,1174,17400495.08,0.847792,42443,0,461.474191,0.49065099,834,90016.1276,1693,0.662802048,0.0001,4026485,591
2/02/2019,20957.81738,17609.45286,1118,18192600.76,0.886385,20045,0,441.3426722,0.80476965,836,95935.70742,1668,0.692789909,0.0001,3314042,565
3/02/2019,45818.95137,27324.7309,1174,18221039.99,0.887771,18176,0,440.6098554,0.35323914,837,93613.04427,1766,0.693736485,0.0001,3334766,564
4/02/2019,76425.83098,60015.61075,1128,17664498.23,0.860655,29851,0,445.2389653,0.2352926,785,83980.22928,1485,0.672386719,0.0001,2843441,570
5/02/2019,53594.88052,51058.22652,1121,17808080.32,0.87096,53908,0,450.7579265,0.26958604,808,87239.95193,1746,0.680611692,0.0001,3006408,577
6/02/2019,72592.5711,49945.29475,1142,21549119.34,1.05,78041,0,450.6866522,0.38462373,798,105578.7555,1619,0.82031796,0.0001,3112009,577
7/02/2019,68711.2483,62391.36169,1089,23271073,1.13,35889,0,450.6784825,0.80441809,693,106175.1696,1647,0.883041065,0.0001,3898669,577
8/02/2019,66768.88608,48065.63956,1142,23296254.32,1.14,54622,0,435.8873687,0.24355836,832,103142.4588,1631,0.890745715,0.0001,3566786,558
9/02/2019,44949.88387,32453.18619,1229,22581707.5,1.1,26955,0,453.0173144,0.35152985,960,99273.73167,1078,0.867276586,0.0001,4003808,580
10/02/2019,127743.2466,86106.35527,1642,22961860.55,1.12,34337,0,446.0290563,0.51809233,1305,101246.0169,1204,0.874888,0.0001,3614529,571
11/02/2019,254473.4479,172870.6763,1390,23808813.39,1.16,45943,0,450.7579241,0.35134862,1094,97001.90089,1156,0.906543341,0.0001,3953818,577
12/02/2019,148375.1475,102982.0951,1297,23668040.79,1.15,63048,0,444.4932712,0.27903019,1207,97575.67705,1237,0.901632097,0.0001,4024207,569
13/02/2019,448476.7856,345542.5238,1427,28483846.19,1.39,149853,0,452.266187,1.05082468,1456,114003.2817,1315,2.160876625,0.0001,4020326,579
14/02/2019,911399.0263,777283.6543,1392,29946107.59,1.46,70863,0,449.0217581,0.92828124,1311,115510.8172,1313,1.467931114,0.0001,5991061,575
15/02/2019,293979.557,190677.308,1527,27800455.91,1.35,40761,0,438.2365255,0.61991305,2157,97848.59923,1416,2.109713796,0.0001,5225312,561
16/02/2019,134379.9333,90209.88913,1657,27332285.6,1.33,50370,0,445.2842713,2.40976744,1767,97641.91535,1625,2.075526779,0.0001,5178376,570
17/02/2019,136852.1472,90325.01295,1208,24144803.4,1.18,70379,0,446.8672363,0.32095964,881,92731.14413,1118,0.928832327,0.0001,3186740,572
18/02/2019,207058.3765,110415.1201,1050,28348525.51,1.38,46858,0,447.6529368,0.11352542,680,106178.6066,1429,1.078125,0.0001,2724832,573
19/02/2019,123125.3852,112496.8926,1058,29392274.62,1.43,47346,0,456.2424931,0.22799707,644,104805.719,1384,1.1171875,0.0001,2888191,584
20/02/2019,55459.46484,23156.31791,1154,29565509.96,1.44,46335,0,436.7086336,0.19243211,702,104761.2136,1376,1.124856,0.0001,3054901,559
21/02/2019,28967.08748,20860.09427,1081,29859669.76,1.45,27943,0,449.2136013,0.22664428,634,100720.9701,1589,1.132670777,0.0001,3186411,575
22/02/2019,37539.41854,31485.75641,999,29643931.91,1.44,35533,0,447.6526071,0.09313343,598,105494.161,1369,1.125005386,0.0001,3067558,573
23/02/2019,18590.50858,15084.73524,1031,28910955.42,1.41,43317,0,1537.610496,-1079.700284,581,94152.10409,1365,1.1015625,0.0001,2713460,586
24/02/2019,108626.4719,70747.59472,505,27808743.03,1.36,60703,0,396.09375,0.05950168,495,117845.6553,691,1.07284824,0.0001,1560365,507
25/02/2019,8341.695802,6878.451305,1206,23810311.08,1.15,31074,0,447.65625,0.08944047,626,75398.36931,1837,0.8983225,0.0001,2924626,573
26/02/2019,7740.439712,4209.655627,1134,24752107.45,1.2,68376,0,443.75,0.08488126,587,79182.24524,1925,0.93396282,0.0001,2725911,568
27/02/2019,6284.373885,3218.362463,1176,28370764.36,1.37,50489,0,450,0.14058771,644,82339.29682,2397,1.0700385,0.0001,2871609,576
28/02/2019,32297.67564,23214.15571,1090,27447283.66,1.33,27625,0,439.84375,0.1590868,661,84998.79613,2196,1.0390625,0.0001,2710142,563
1/03/2019,8974.188055,7049.646032,1192,26906375.64,1.3,22008,0,456.25,0.11467084,657,85770.83618,2795,1.015625,0.0001,2921789,584
2/03/2019,270525.1868,269468.0368,1265,27410635,1.33,18090,0,448.4375,0.1007583,607,84263.49675,2386,1.0387965,0.0001,3230999,574
3/03/2019,19788.67342,18161.34641,1138,26762137.6,1.3,25391,0,444.53125,0.08683821,640,87298.27325,2538,1.015625,0.0001,2873858,569
4/03/2019,58426.71385,37273.43394,1191,26589563.85,1.29,29419,0,452.34375,0.15161453,724,85401.38343,2441,1.010628518,0.0001,2733670,579
5/03/2019,238838.8972,122570.1968,1231,24712750.24,1.2,8503,0,442.1875,0.25157121,713,95156.4839,2556,0.93774,0.0001,2840763,566
6/03/2019,148163.6018,109752.3685,1255,25123771.05,1.22,11817,0,453.125,0.1267448,715,94132.89682,2530,0.953125,0.0001,2825143,580
7/03/2019,67119.11482,54261.63579,1233,22913794.36,1.11,14072,0,432.03125,0.12000356,632,93926.51884,2493,0.866970872,0.0001,2786152,553
8/03/2019,861196.3143,327836.2872,1293,18602839.79,0.901146,8406,0,463.28125,0.33853565,869,103465.8052,2636,0.711066634,0.0001,3278241,593
9/03/2019,325729.0602,205011.0019,866,16789133.59,0.813273,18490,0,387.5,0.17929285,618,86160.64793,1161,0.812866364,0.0001,2147615,496
10/03/2019,265446.3017,173557.3997,1037,16144348.23,0.782023,24631,0,439.0625,0.35136434,747,69241.59497,1215,0.792464532,0.0001,2621148,562
11/03/2019,66414.77148,41623.88466,1009,14587595.45,0.706599,15583,0,453.125,0.33600531,726,65785.5244,1078,0.563046863,0.0001,2602910,580
12/03/2019,105610.6272,65216.29621,1088,12621533.64,0.611353,15947,0,444.53125,0.17377644,752,67663.28016,979,0.478094797,0.0001,2536193,569
13/03/2019,183720.4101,182760.7286,1004,13146662.66,0.636775,16751,0,441.40625,0.11891164,671,66406.53665,884,0.497544146,0.0001,2486034,565
14/03/2019,283114.5144,251351.7424,894,12559684.19,0.608331,10975,0,449.9992733,0.11917237,550,62524.45112,732,0.475321976,0.0001,2425630,576
15/03/2019,136281.2431,135381.3911,851,13126743.46,0.635783,8948,0,432.0234375,0.10419306,587,62105.99349,820,0.499458676,0.0001,2353371,553
16/03/2019,12538.60882,11562.54454,915,12837074.04,0.62174,15566,0,450.7765625,0.09813659,532,59000.61963,709,0.485858723,0.0001,2484638,577
17/03/2019,138830.1403,127845.6087,833,11870646.43,0.57492,10652,0,447.584375,0.09858188,588,61734.96892,630,0.455792195,0.0001,2263316,573
18/03/2019,733513.9258,730590.4852,829,13229933.4,0.640739,8687,0,453.103125,0.30308953,553,61380.00889,704,0.506505474,0.0001,2453130,580
19/03/2019,493219.3418,377760.3218,854,11666168.93,0.564992,474531,0,438.2776767,0.10005575,797,66417.37941,641,0.450209593,0.0001,2328992,561
20/03/2019,181420.8179,115052.1941,797,8488599.866,0.411094,18044,0,443.75,0.09995697,557,57406.77612,554,0.411011781,0.0001,2294355,568
21/03/2019,103268.4208,101650.6346,830,9442958.497,0.457303,42538,0,446.875,0.13946187,489,58510.86817,590,0.360885931,0.0001,2345843,572
22/03/2019,347943.0389,179421.7888,861,8126870.058,0.393559,12069,0,450,0.09537757,571,61223.33862,738,0.311351727,0.0001,2380003,576
23/03/2019,246818.3293,183894.9895,815,8071663.162,0.390877,12378,0,436.71875,0.09913072,1622,57561.35396,1739,0.30878409,0.0001,2791560,559
24/03/2019,16918.3505,12713.76685,807,7785946.507,0.377033,12973,0,445.3125,0.10903075,558,54893.02817,642,0.297711331,0.0001,2505389,570
25/03/2019,106845.4946,103930.2772,862,6482275.689,0.313896,12512,0,450.78125,0.09583092,588,54360.54081,671,0.24526264,0.0001,2479324,577
26/03/2019,89011.18192,82577.08831,779,5783435.442,0.280049,8182,0,450,0.07474731,476,56937.91214,723,0.22103824,0.0001,2298544,576
27/03/2019,43806.44408,43117.70428,835,6533161.921,0.316346,10109,0,441.40625,0.10406749,444,53150.8052,767,0.247178412,0.0001,2443202,565
28/03/2019,14728.897,13265.44166,707,6098830.759,0.295309,3986,0,446.875,0.0672874,402,55384.18869,502,0.235120333,0.0001,2208455,572
29/03/2019,86609.42959,85478.79878,814,6618667.953,0.320473,7348,0,442.96875,0.09578949,441,57851.65208,508,0.250401579,0.0001,2459043,567
30/03/2019,119861.6979,119653.9869,838,6579283.409,0.318559,7824,0,446.09375,0.08529816,448,57566.42225,527,0.248970793,0.0001,2461412,571
31/03/2019,205926.2146,202944.8773,806,6747006.279,0.326673,5260,0,443.75,0.0657931,497,53961.20304,629,0.257797095,0.0001,2317882,568
1/04/2019,51895.33692,48862.92479,869,7057294.655,0.341689,9957,0,447.65625,0.08502346,478,50473.79085,679,0.2669787,0.0001,2496026,573
2/04/2019,106482.4838,58354.173,878,8356610.554,0.404589,13154,0,435.9375,0.08881933,580,49993.03772,1002,0.316085937,0.0001,2682695,558
3/04/2019,147977.6869,107588.2709,929,8316751.331,0.40265,20869,0,453.90625,0.10016832,605,43888.62391,947,0.314632985,0.0001,2498838,581
4/04/2019,8441.530466,8380.591519,780,8805995.488,0.426327,16217,0,446.875,0.06678206,481,55008.56149,586,0.33315598,0.0001,2396238,572
5/04/2019,9409.265643,7218.162461,796,8747803.084,0.423509,12142,0,449.21875,0.06432664,479,56599.69941,541,0.330866406,0.0001,2469249,575
6/04/2019,16290.88219,14606.25001,682,9203615.172,0.445577,14039,0,452.34375,0.06858793,449,64842.65138,472,0.351643023,0.0001,2255208,579
7/04/2019,7979.331721,7461.08274,735,10529641.85,0.509774,123199,0,438.28125,0.07068157,405,64691.57017,479,0.398319087,0.0001,2323743,561
8/04/2019,7952.279166,6089.742792,786,9324254.1,0.451417,17601,0,425,0.07214459,511,44606.44711,679,0.353015186,0.0001,2215395,544
9/04/2019,14146.39887,11184.23818,1170,12728125.89,0.616209,17998,0,446.875,0.08725949,738,33042.18507,1461,0.481350274,0.0001,2537150,572
10/04/2019,6322.751916,5679.223801,1103,12370238.24,0.598883,19270,0,460.15625,0.20055508,725,36112.58338,1650,0.467878697,0.0001,2720843,589
11/04/2019,1607186.657,623837.2151,2261,12619867.25,0.610968,19055,0,438.28125,0.07330213,2256,37165.07748,2805,265.160043,2.26E-06,4060661,561
12/04/2019,308921.4105,131306.4065,1201,10322473.42,0.499744,124957,0,440.625,0.05514798,925,31296.54842,2150,2.342613522,5.66E-06,2267532,564
13/04/2019,18474.5954,16175.13952,987,12971737.56,0.628003,159694,0,461.71875,0.07266845,518,36156.91003,2106,0.498149281,0.0001,2573310,591
14/04/2019,4735.466308,4192.396166,920,9626137.989,0.466032,8914,0,447.65625,0.06839475,420,48961.37639,1692,0.367991823,0.0001,2537352,573
15/04/2019,1405842.303,447398.3172,2385,2331478.197,0.498746,25866,0,438.28125,0.06596686,2115,39991.4303,2839,206.3921816,2.26E-06,2705266,561
16/04/2019,4099174.965,389683.7804,3591,2292836.397,0.490433,16662,0,440.625,0.08338324,3058,36766.53117,4081,434.5499957,2.26E-06,3342863,564
17/04/2019,5148043.773,439697.2345,3219,2112349.043,0.451783,18246,0,457.78125,0.08643203,2859,29298.0901,3310,760.8023028,2.26E-06,2989628,586
18/04/2019,5423392.723,382209.2797,3312,1916351.082,0.409824,23228,0,446.09375,0.06429369,2946,29521.88332,3659,1152.629594,2.26E-06,2853852,571
19/04/2019,4683966.35,313224.3307,3117,1694785.386,0.362406,13829,0,429.640625,0.07585327,2656,25009.50058,3426,1148.790315,2.26E-06,2926750,550
20/04/2019,2921912.962,69625.46465,2129,1636622.163,0.349938,238225,0,437.2578125,0.1210611,1994,26093.26965,2567,1146.046591,2.26E-06,2269338,560
21/04/2019,123617.6396,7905.351979,962,1643253.071,0.351322,252287,0,439.0625,0.05611805,639,28437.20961,1677,0.541009338,0.0001,2247983,562
22/04/2019,1947.049942,1527.0379,1155,946999.1233,0.202446,40827,0,450.78125,0.1879924,512,22308.65501,2308,0.158140693,0.0001,3083289,577
23/04/2019,127200.5423,21710.0351,934,1881067.284,0.402089,220442,0,462.3234375,0.06731816,556,33837.18758,1771,0.316363058,0.0001,2577960,592
24/04/2019,68260.11802,8623.038072,561,1193352.645,0.255062,91637,0,428.721875,0.03746668,384,31540.18431,623,0.39449897,0.0001,1800757,549
25/04/2019,61881.97067,3834.185204,1178,852158.1899,0.182119,28578,0,453.9046875,0.10049814,558,27096.40978,1138,0.142693546,0.0001,2889137,581
26/04/2019,21340.36855,1904.355542,923,1104111.31,0.235942,96614,0,450,0.06595987,476,24518.80367,1311,0.185726566,0.0001,2514308,576
27/04/2019,3476.639198,2069.455775,1124,1238171.851,0.264565,110495,0,442.96875,0.1155734,415,27603.36471,1182,0.205657949,0.0001,3083460,567
28/04/2019,5874.924688,1247.020152,1165,1003234.388,0.214344,15506,0,460.73125,0.08338117,534,28572.66054,1063,0.166597534,0.0001,2942156,590
29/04/2019,14115.8826,9307.68354,373,1168619.447,0.249656,214212,0,437.8203125,0.03109322,265,31472.81991,286,0.386154207,0.0001,1621185,561
30/04/2019,8412.829649,6965.981124,554,1327585.224,0.28359,125782,0,444.378125,0.05217133,338,27139.72151,646,0.223541082,0.0001,1836229,569
