date,txVolume(USD),txCount,marketcap(USD),price(USD),exchangeVolume(USD)
22/04/2014,,12,,,
23/04/2014,,9,,,
24/04/2014,,35,,,
25/04/2014,,1942,,,
26/04/2014,,19,,,
27/04/2014,,14,,,
28/04/2014,288323.672,32,6731717.113,0.014875,21809
29/04/2014,273122.105,31,8464895.239,0.018705,16810
30/04/2014,61823.2751,17,7713303.773,0.017044,17926
1/05/2014,41183.67478,9,7193116.406,0.015895,10439
2/05/2014,35325.24611,6,6370669.403,0.014077,8614
3/05/2014,341.572694,1,6495246.573,0.014353,3089
4/05/2014,1694.900178,3,6160401.622,0.013613,13680
5/05/2014,14861.2046,18,5753428.553,0.012713,8647
6/05/2014,8293.483233,8,6036641.995,0.013339,730
7/05/2014,122865.5606,28,6025735.216,0.013315,17418
8/05/2014,42069.36226,11,6746466.75,0.014908,9497
9/05/2014,3852.671946,9,6596618.3,0.014577,13650
10/05/2014,23138.50526,13,6251737.237,0.013814,4405
11/05/2014,1786.516372,10,6359961.02,0.014054,6910
12/05/2014,9646.5845,8,5458522.283,0.012062,5542
13/05/2014,6928.9659,6,6007633.156,0.013275,6080
14/05/2014,5144.83224,6,5741356.361,0.012687,879
15/05/2014,5188.7868,3,5888067.8,0.013011,2813
16/05/2014,2919.520377,6,5791182.098,0.012797,2095
17/05/2014,30511.22491,11,5998172.376,0.013254,12887
18/05/2014,39203.30261,8,6398137.788,0.014138,6888
19/05/2014,0,0,5987528.705,0.01323,15966
20/05/2014,35204.85871,11,5209576.729,0.011512,2066
21/05/2014,12069.7365,6,5691056.335,0.012575,6240
22/05/2014,18059.28672,12,4927756.689,0.010889,12989
23/05/2014,21698.25421,10,5166171.549,0.011416,15274
24/05/2014,16639.98988,6,7014205.356,0.015499,1220
25/05/2014,4188.107594,5,6644067.049,0.014681,3954
26/05/2014,7670.741596,5,6210613.537,0.013724,2427
27/05/2014,11681.76462,6,6527211.26,0.014423,11397
28/05/2014,8077.297771,4,6126333.203,0.013537,5516
29/05/2014,2009.684792,5,6363647.033,0.014062,4178
30/05/2014,11028.80541,9,5938985.072,0.013123,8219
31/05/2014,0,0,5779930.086,0.012772,21368
1/06/2014,33429.90131,6,7543996.858,0.01667,11695
2/06/2014,14395.19771,6,6524084.216,0.014416,9593
3/06/2014,5819.12032,4,6648039.796,0.01469,12815
4/06/2014,15837.65689,6,6739317.394,0.014892,11723
5/06/2014,18003.75935,7,6545099.991,0.014463,8960
6/06/2014,2628.98322,12,8037607.936,0.017761,6240
7/06/2014,21072.97898,4,8260527.482,0.018253,11485
8/06/2014,0,0,8458568.717,0.018691,2477
9/06/2014,19603.29797,7,8606414.372,0.019018,8295
10/06/2014,11001.87343,5,8570890.262,0.018939,1822
11/06/2014,678.272088,3,8065842.028,0.017823,4882
12/06/2014,2608.525,2,7817843.057,0.017275,4885
13/06/2014,1167.522997,6,7559071.303,0.016703,3453
14/06/2014,34030.20039,5,7784217.235,0.017201,10202
15/06/2014,5653.044684,6,7669599.394,0.016947,4319
16/06/2014,7404.720288,3,7175543.21,0.015856,13530
17/06/2014,0,0,7606241.089,0.016807,12490
18/06/2014,5513.924196,5,7153592.117,0.015807,7829
19/06/2014,13801.52825,11,6711088.342,0.014829,3623
20/06/2014,3006.022307,7,6563132.338,0.014503,21763
21/06/2014,1415.11851,3,6318490.778,0.013962,2199
22/06/2014,7648.104807,7,6243865.714,0.013797,1991
23/06/2014,93545.80043,11,6360992.256,0.014056,3104
24/06/2014,3731.44644,4,6804269.151,0.015035,2056
25/06/2014,3238.616069,5,6445522.092,0.014243,4395
26/06/2014,3710.258937,5,6376727.482,0.014091,5826
27/06/2014,2064.94478,4,6127477.29,0.01354,2799
28/06/2014,749.265993,3,6750813.977,0.014917,1800
29/06/2014,5163.45885,4,6822404.874,0.015075,1011
30/06/2014,154.245423,2,6979801.464,0.015423,533
1/07/2014,1070.107056,4,7396562.049,0.016344,3685
2/07/2014,6401.61718,5,7463538.888,0.016492,3866
3/07/2014,233.269165,3,7573336.35,0.016735,5195
4/07/2014,3781.9215,5,8032720.794,0.01775,27702
5/07/2014,8873.13102,9,8589346.995,0.01898,7199
6/07/2014,22537.01632,9,7955571.909,0.017579,21922
7/07/2014,26452.06478,7,9407659.232,0.020788,9112
8/07/2014,7303.430448,16,8944246.401,0.019764,16619
9/07/2014,124492.3811,19,9089188.221,0.020084,13177
10/07/2014,56236.17381,39,9805861.272,0.021668,13157
11/07/2014,71556.31514,49,9963308.655,0.022016,62840
12/07/2014,43745.19731,36,15851000.97,0.035026,34355
13/07/2014,42831.75607,23,14383526.66,0.031783,14571
14/07/2014,50720.26836,8,12358869.46,0.027309,19863
15/07/2014,37786.46105,22,14577973.65,0.032213,13886
16/07/2014,38179.89214,15,13564079.11,0.029972,16095
17/07/2014,9654.758985,9,13755286.35,0.030395,13665
18/07/2014,12960.75748,11,13904799.84,0.030725,23286
19/07/2014,42105.88782,18,14851697.6,0.032818,44268
20/07/2014,43854.0729,14,16081044.21,0.035534,6607
21/07/2014,41044.31365,17,15528883.33,0.034314,15713
22/07/2014,6435.81156,6,13899887.22,0.030714,26853
23/07/2014,61607.0187,13,13102109.67,0.028952,27745
24/07/2014,12926.26893,18,12633783.12,0.027917,38814
25/07/2014,26876.66509,7,13937065.2,0.030797,4670
26/07/2014,10305.76235,11,13156421.96,0.029072,7029
27/07/2014,49856.71782,10,13060570.24,0.02886,8042
28/07/2014,17479.51153,8,12774557.56,0.028228,17814
29/07/2014,8911.553875,11,12614945.43,0.027875,6098
30/07/2014,2848.069604,4,12197785.3,0.026953,3403
31/07/2014,25638.81232,7,11839548.27,0.026162,15599
1/08/2014,20695.16779,11,12536056.52,0.027701,16657
2/08/2014,1735.322688,2,11614506.69,0.025664,17017
3/08/2014,1145.478656,4,10441458.2,0.023072,10334
4/08/2014,14497.86374,4,11181665.37,0.024708,8146
5/08/2014,5039.711468,4,10772511.97,0.023804,17349
6/08/2014,15425.34063,3,10670100.51,0.023578,17169
7/08/2014,27672.89637,6,10705042.32,0.023655,10585
8/08/2014,3986.448,2,11346437.27,0.025072,6178
9/08/2014,9241.16991,9,11927064.89,0.026355,15071
10/08/2014,16574.41163,11,11777589.2,0.026025,6390
11/08/2014,29441.21365,18,12190767.29,0.026938,30007
12/08/2014,13910.31789,15,12362066,0.027316,4974
13/08/2014,24446.39225,14,11623759.95,0.025685,11452
14/08/2014,33028.84017,10,10862162.64,0.024002,17152
15/08/2014,2529.30891,2,9553973.614,0.021111,4742
16/08/2014,8481.1226,7,9315383.762,0.020584,2954
17/08/2014,2525.215803,5,9402634.389,0.020777,2350
18/08/2014,6072.616524,10,9123199.491,0.020159,6995
19/08/2014,856.327626,1,8467846.887,0.018711,2142
20/08/2014,77.527071,2,8276730.655,0.018289,5893
21/08/2014,5228.0517,3,9374532.356,0.020715,4732
22/08/2014,11317.10123,8,9382316.53,0.020732,8555
23/08/2014,10679.53274,10,8792233.9,0.019428,8823
24/08/2014,963.06694,3,8738882.552,0.01931,3407
25/08/2014,43.990749,1,8264016.413,0.018261,1634
26/08/2014,1267.94952,4,8618364.786,0.019044,3767
27/08/2014,1186.8351,3,9010408.885,0.01991,3061
28/08/2014,23089.73129,8,8970806.013,0.019823,2862
29/08/2014,11833.15858,7,8706781.329,0.019239,12303
30/08/2014,13935.65668,6,9408013.079,0.020789,7567
31/08/2014,0,0,8562697.037,0.018921,1405
1/09/2014,37208.02426,11,8209391.326,0.01814,3484
2/09/2014,23732.5161,9,8231429.078,0.018189,3133
3/09/2014,89265.60156,13,8016966.385,0.017715,9115
4/09/2014,9437.5,1,8541802.429,0.018875,7749
5/09/2014,16853.05413,8,9225100.643,0.020385,11751
6/09/2014,42064.71058,3,9303619.079,0.020558,18819
7/09/2014,16182.2232,13,8948411.855,0.019773,2150
8/09/2014,15703.2121,2,8660088.32,0.019136,399
9/09/2014,11391.6,2,8592024.278,0.018986,707
10/09/2014,17046.20388,5,8608362.795,0.019022,1701
11/09/2014,0,0,8781418.079,0.019404,1457
12/09/2014,1616.78476,8,8690772.028,0.019204,2044
13/09/2014,542.639652,3,8778611.45,0.019398,5350
14/09/2014,73360.0527,15,8734395.415,0.0193,1485
15/09/2014,15517.97236,12,8881069.028,0.019624,3271
16/09/2014,2921.877262,8,8834549.082,0.019522,21483
17/09/2014,5402.345085,9,8902378.673,0.019671,11297
18/09/2014,358.518567,4,9154731.574,0.020229,3422
19/09/2014,30996.54989,11,8470423.369,0.018717,15413
20/09/2014,192.025186,1,8153592.259,0.018017,3900
21/09/2014,129.981546,2,8202922.428,0.018126,8402
22/09/2014,10819.97166,6,8729500.644,0.019289,10191
23/09/2014,14773.038,8,9107575.316,0.020125,18653
24/09/2014,11986.22397,8,9778207.176,0.021607,10558
25/09/2014,10122.00462,5,9530846.231,0.02106,6160
26/09/2014,37133.0244,15,9322349.835,0.0206,17646
27/09/2014,96479.24958,11,9167258.528,0.020257,1920
28/09/2014,1448.913384,2,8672760.426,0.019164,2698
29/09/2014,25457.9459,6,8452943.542,0.018678,40421
30/09/2014,69556.39755,20,9019458.642,0.01993,31310
1/10/2014,38791.7927,11,9153008.408,0.020225,45630
2/10/2014,10982.82085,5,9108747.459,0.020127,30053
3/10/2014,28852.75396,14,9154424.888,0.020228,5748
4/10/2014,3116.712842,6,8503670.876,0.018791,9332
5/10/2014,29515.56425,10,7985656.559,0.017646,33207
6/10/2014,4674.561216,5,8660276.666,0.019136,995
7/10/2014,36683.93923,6,8385064.228,0.018528,2404
8/10/2014,20517.86295,16,8788115.5,0.019419,5910
9/10/2014,2909.37708,2,8726793.089,0.019284,5420
10/10/2014,45304.67858,12,8667507.412,0.019153,3458
11/10/2014,132.46797,3,8551882.768,0.018897,2515
12/10/2014,5018.612214,5,8828671.553,0.019509,3208
13/10/2014,5193.560804,5,9176816.134,0.020278,26319
14/10/2014,21396.75897,13,9926822.922,0.021935,2197
15/10/2014,76240.19426,24,10499895.68,0.023202,10175
16/10/2014,127578.9109,15,10536223.85,0.023282,13440
17/10/2014,1213.765182,3,9365029.808,0.020694,7744
18/10/2014,27074.06027,14,9419388.262,0.020814,53467
19/10/2014,75267.77526,17,11199624.19,0.024748,3228
20/10/2014,70079.95549,5,10595758.01,0.023413,7004
21/10/2014,2447.993052,1,9718233.976,0.021474,19017
22/10/2014,11713.13415,6,10657517.18,0.02355,4327
23/10/2014,360738.8772,14,10464059.8,0.023122,18241
24/10/2014,91803.33455,11,9953030.388,0.021993,2190
25/10/2014,36.41043,4,9890532.683,0.021855,4914
26/10/2014,1802.555664,5,9484683.015,0.020958,8843
27/10/2014,18448.77559,11,9614568.936,0.021245,4525
28/10/2014,6706.413028,4,9357791.061,0.020678,9664
29/10/2014,3023.240406,16,9605679.895,0.021226,5763
30/10/2014,30177.0143,10,8801440.214,0.019448,9350
31/10/2014,11524.5394,18,7927236.312,0.017517,4255
1/11/2014,1394.792903,5,8661242.523,0.019139,49211
2/11/2014,50629.33097,8,9926238.22,0.021934,841
3/11/2014,15429.17756,10,9658504.635,0.021342,11261
4/11/2014,10447.84187,6,9975247.032,0.022042,3492
5/11/2014,14501.31386,7,10406486.62,0.022995,13348
6/11/2014,9458.056728,6,10675438.99,0.023589,9095
7/11/2014,8180.0225,6,10747984.1,0.02375,6966
8/11/2014,3696.908754,5,10767487.64,0.023793,2096
9/11/2014,11930.37937,9,10604380.6,0.023432,6318
10/11/2014,1740.028529,1,11129534.07,0.024593,6321
11/11/2014,41325.93414,12,11498637.49,0.025408,18230
12/11/2014,74339.84158,17,11189280.41,0.024725,12545
13/11/2014,35106.98087,16,13048745.47,0.028834,15088
14/11/2014,67266.23362,14,11717846.7,0.025893,2874
15/11/2014,1.77009,1,11443511.55,0.025287,2130
16/11/2014,8798.984018,5,11410372.13,0.025213,3241
17/11/2014,23215.11387,16,12277790.27,0.02713,8307
18/11/2014,21687.88207,16,12920678.15,0.028551,4229
19/11/2014,65610.90315,9,12078301.25,0.026689,2311
20/11/2014,57083.35168,10,12623949.42,0.027895,6572
21/11/2014,137459.8828,7,11552348.28,0.025527,2649
22/11/2014,1718.1978,3,12187465.89,0.026931,5695
23/11/2014,101025.4557,16,12376896.4,0.027349,46615
24/11/2014,28222.08415,21,13673014.7,0.030213,20761
25/11/2014,113348.9573,6,12631514.66,0.027912,5188
26/11/2014,4379.287674,9,13382242.76,0.029571,3411
27/11/2014,167942.5496,15,13205931.54,0.029181,59931
28/11/2014,92076.6803,22,12922881.74,0.028556,22996
29/11/2014,26807.90714,6,11430893.65,0.025259,1972
30/11/2014,77841.54818,12,12184842.53,0.026925,2307
1/12/2014,7925.502625,6,12610288.63,0.027865,18836
2/12/2014,31159.10481,18,13479809.6,0.029786,34109
3/12/2014,73121.63638,28,14630018,0.032328,65300
4/12/2014,118008.7803,27,20628936.27,0.045583,30984
5/12/2014,10257.55373,17,19492458.61,0.043072,25188
6/12/2014,159200.2371,51,21829732.15,0.048237,75486
7/12/2014,226808.1306,51,25830290.36,0.057077,47901
8/12/2014,70072.54113,27,25416066.14,0.056162,21580
9/12/2014,1089951.29,28,18939545.65,0.041851,12476
10/12/2014,20331.96256,10,19014615.08,0.042016,12123
11/12/2014,14158.19144,6,19822367.64,0.043801,7418
12/12/2014,23954.11757,22,21857418.7,0.048298,6576
13/12/2014,3307.211772,10,23447507.11,0.051812,7544
14/12/2014,9968.543559,7,22891546.81,0.050583,4150
15/12/2014,6541.622709,3,23600206.62,0.052149,2383
16/12/2014,33671.55059,10,20872622.59,0.046122,38696
17/12/2014,138359.0185,21,18917778.7,0.041802,23371
18/12/2014,36035.02749,10,18747615.39,0.041426,8640
19/12/2014,503025.3773,15,18622324.12,0.04115,22866
20/12/2014,32643.31225,15,20287657.63,0.044829,13657
21/12/2014,1890.891028,9,19725763.34,0.043588,3962
22/12/2014,9012.420864,5,19347680.79,0.042752,14980
23/12/2014,7854.974406,16,21786531,0.048141,14441
24/12/2014,144113.6346,18,23933189.31,0.052885,20333
25/12/2014,10900.73415,10,24114021.6,0.053284,31224
26/12/2014,31511.0665,22,25038908.97,0.055328,32080
27/12/2014,62097.9015,11,25494797.13,0.056335,17444
28/12/2014,3722.915283,9,22424593.99,0.049551,18372
29/12/2014,36626.84225,28,23980032.09,0.052988,11497
30/12/2014,6118.6963,5,23428491.94,0.05177,7381
31/12/2014,20796.18301,17,21743786.18,0.048047,2640
1/01/2015,483.12873,2,23616447.23,0.052185,13094
2/01/2015,33748.77944,14,24434305.01,0.053992,4649
3/01/2015,5881.085556,5,23221676.24,0.051313,18569
4/01/2015,29471.99836,16,21622340.7,0.047779,6208
5/01/2015,3094.299296,7,18239480.31,0.040304,11915
6/01/2015,45877.70495,38,21608019.86,0.047747,7986
7/01/2015,59478.82441,19,22107879.58,0.048852,7818
8/01/2015,719.522818,2,23736641.2,0.052451,3648
9/01/2015,25004.04047,16,23045687.48,0.050924,6108
10/01/2015,37690.06813,2,22973822.72,0.050765,1554
11/01/2015,55982.56598,15,20798947.86,0.045959,10965
12/01/2015,42088.03801,19,20562918.96,0.045438,70868
13/01/2015,954758.769,31,23647158.99,0.052253,49015
14/01/2015,227531.2887,31,17056932.72,0.03769,26691
15/01/2015,70656.98392,15,13567404.07,0.02998,9472
16/01/2015,25365.41074,34,15643978.34,0.034568,10963
17/01/2015,9072.10845,21,14572988.73,0.032202,17102
18/01/2015,39067.29219,22,12791158.8,0.028264,8979
19/01/2015,309170.7192,28,13382337.45,0.029571,4905
20/01/2015,4330.73256,18,13406459.95,0.029624,3013
21/01/2015,5992.272574,13,12941598.62,0.028597,3923
22/01/2015,30836.99614,14,13797635.09,0.030488,14618
23/01/2015,119661.1213,40,14362529.84,0.031737,4636
24/01/2015,90833.23887,19,15477656.06,0.034201,9441
25/01/2015,15967.39781,17,15713662.99,0.034722,8730
26/01/2015,110320.0686,19,15499232.21,0.034248,29818
27/01/2015,33438.95526,4,16095834.99,0.035567,8998
28/01/2015,4740.59518,8,15109669.89,0.033388,2829
29/01/2015,44315.13396,21,13627845.65,0.030113,2500
30/01/2015,105620.231,11,13702242.54,0.030278,2654
31/01/2015,13440.79974,7,13319301.48,0.029432,1339
1/02/2015,932.362326,6,13599433.14,0.030051,5225
2/02/2015,31890.95337,10,13999837.45,0.030935,13256
3/02/2015,23228.01482,11,14996776.38,0.033138,18859
4/02/2015,55128.06129,14,14381165.54,0.031778,3699
5/02/2015,9795.424782,7,14478509.58,0.031993,7460
6/02/2015,3378.88593,13,13400032.01,0.02961,3601
7/02/2015,8606.505312,12,13424469.01,0.029664,8036
8/02/2015,899.383056,6,13319296.28,0.029432,2524
9/02/2015,124.813338,23,13328211.88,0.029451,3442
10/02/2015,5869.809346,5,13312640.95,0.029417,5444
11/02/2015,5685.749712,2,12827012.96,0.028344,2475
12/02/2015,1665.55319,8,13099265.25,0.028945,5535
13/02/2015,8706.6,2,13133975.78,0.029022,2185
14/02/2015,6563.13522,4,14151314.06,0.03127,5497
15/02/2015,43444.21608,8,16183376.73,0.03576,2753
16/02/2015,36800.75816,20,14371254.82,0.031756,507
17/02/2015,44815.03418,10,13646941.28,0.030155,36310
18/02/2015,35794.26138,19,13850271.76,0.030605,3453
19/02/2015,1448.104392,2,13234569.77,0.029244,5990
20/02/2015,0.655809,2,14132669.84,0.031229,1613
21/02/2015,3860.527712,7,14253495.93,0.031496,2167
22/02/2015,3179.3175,3,13644233.52,0.03015,17749
23/02/2015,20303.7829,16,11110351.59,0.02455,5611
24/02/2015,5064.486552,7,13253636.23,0.029286,2815
25/02/2015,8555.12962,10,12906388.11,0.028519,836
26/02/2015,1706.8136,3,12617292.65,0.02788,603
27/02/2015,1953.959448,11,13064495.39,0.028868,2066
28/02/2015,2902.918,4,13350253.57,0.0295,7843
1/03/2015,36418.63391,17,14086318.08,0.031126,6218
2/03/2015,19227.92023,11,14802722.07,0.032709,3750
3/03/2015,8079.09115,13,14474934.96,0.031985,4335
4/03/2015,65807.81825,12,14285315.97,0.031566,3049
5/03/2015,63817.14724,11,13956041.5,0.030839,12304
6/03/2015,106451.9233,21,13034057.37,0.028801,6390
7/03/2015,25934.35934,5,12342549.95,0.027273,7009
8/03/2015,48594.25361,15,12639225.05,0.027929,22416
9/03/2015,20644.59802,16,10319965.04,0.022804,9823
10/03/2015,9314.153032,25,11604717.75,0.025643,5025
11/03/2015,5893.41081,15,12484478.99,0.027587,6229
12/03/2015,46584.01654,14,13347127.84,0.029493,9141
13/03/2015,8615.787488,16,12823290.09,0.028336,4792
14/03/2015,312257.8502,15,12356895.72,0.027305,7470
15/03/2015,1398.476912,4,11074952.28,0.024472,4043
16/03/2015,3451.802076,9,11151927.27,0.024642,2723
17/03/2015,1321.3486,3,11566377.05,0.025558,3795
18/03/2015,10150.05322,9,12262411.52,0.027096,5405
19/03/2015,10017.56894,9,10864640.13,0.024007,12040
20/03/2015,10459.3925,9,11461528.78,0.025327,10187
21/03/2015,252.673725,5,9727614.334,0.021495,2094
22/03/2015,1386.425204,7,10338022.44,0.022844,1670
23/03/2015,4172.330844,8,11011779.03,0.024333,3552
24/03/2015,16839.34963,13,11020340.91,0.024351,10794
25/03/2015,59632.99284,25,10523153.02,0.023253,19910
26/03/2015,11670.91454,15,9960953.625,0.022011,2375
27/03/2015,4890.62283,11,10181071.85,0.022497,5868
28/03/2015,41060.11961,26,9852922.869,0.021772,7295
29/03/2015,9432.238032,4,9228268.087,0.020392,2223
30/03/2015,24337.05789,9,9230528.231,0.020396,14979
31/03/2015,20475.55224,6,7765799.386,0.01716,11242
1/04/2015,19537.78362,15,7968006.978,0.017607,8867
2/04/2015,11460.64304,15,8674380.546,0.019168,3833
3/04/2015,12218.72205,11,8158861.677,0.018029,5336
4/04/2015,1688.065798,6,8957505.708,0.019793,7487
5/04/2015,15451.52717,9,8920930.649,0.019712,9748
6/04/2015,12213.3454,11,9303347.578,0.020557,5601
7/04/2015,97380.32447,18,9237500.156,0.020412,13672
8/04/2015,55027.74258,14,9747756.062,0.02154,18234
9/04/2015,9010.378014,9,9911257.852,0.021901,8906
10/04/2015,3787.17822,8,9647192.933,0.021317,7585
11/04/2015,8956.426356,9,9844687.176,0.021754,11168
12/04/2015,2329.871796,5,9712679.978,0.021462,7149
13/04/2015,58170.91644,11,10225681.86,0.022596,16279
14/04/2015,2676.564473,13,11994141.93,0.026503,4136
15/04/2015,53175.00824,12,10996619.56,0.024299,7061
16/04/2015,4181.847402,7,10217441.06,0.022577,4732
17/04/2015,1497.38299,3,11184833.02,0.024715,2773
18/04/2015,54181.7213,10,10943938.23,0.024183,4522
19/04/2015,8469.312,34,10861484.79,0.024,1496
20/04/2015,3379.549816,6,10844705.87,0.023963,1952
21/04/2015,8102.934399,7,10197486.7,0.022533,5458
22/04/2015,16699.66729,11,11290373.19,0.024948,9379
23/04/2015,28332.99798,6,10670643.23,0.023579,8111
24/04/2015,30614.14175,5,10728068.74,0.023706,7397
25/04/2015,12683.13094,15,10465540.66,0.023126,8352
26/04/2015,149023.1094,23,10173782.6,0.022481,7087
27/04/2015,893.017071,9,9559177.084,0.021123,4071
28/04/2015,2304.825952,8,9910633.287,0.021899,4641
29/04/2015,14700.91498,7,9531294.001,0.021061,8296
30/04/2015,871.112853,8,9819072.423,0.021697,8565
1/05/2015,57748.66326,14,10417028.71,0.023018,6617
2/05/2015,22619.42397,7,10609033.96,0.023443,16185
3/05/2015,1741.752781,12,9486734.043,0.020963,2082
4/05/2015,24507.34283,5,10525057.51,0.023257,2288
5/05/2015,8765.749288,20,10379506.44,0.022936,10279
6/05/2015,2.264325,1,9759198.552,0.021565,2867
7/05/2015,11188.61832,9,9438247.051,0.020856,5379
8/05/2015,21467.58888,10,9185588.796,0.020297,2573
9/05/2015,21174.52735,6,9403223.327,0.020778,9199
10/05/2015,13088.17798,19,9529042.144,0.021056,13671
11/05/2015,1396.839834,6,8759878.253,0.019357,1545
12/05/2015,4815.14215,6,8853954.952,0.019565,2529
13/05/2015,45649.6686,16,8578462.022,0.018956,9379
14/05/2015,8774.786888,6,9604879.552,0.021224,4268
15/05/2015,13482.49262,15,9318274.627,0.020591,1048
16/05/2015,9925.259366,7,9069956.122,0.020042,5613
17/05/2015,10315.1005,10,8352891.629,0.018457,3600
18/05/2015,3241.270808,13,8583968.701,0.018968,3252
19/05/2015,34043.76288,56,8546557.661,0.018885,17123
20/05/2015,50789.40652,21,7832086.212,0.017306,3676
21/05/2015,42964.25289,41,8286835.49,0.018311,11497
22/05/2015,20188.36624,3,7602386.493,0.016799,2421
23/05/2015,10971.07472,7,8336784.838,0.018422,2164
24/05/2015,1824.016082,8,8356788.001,0.018466,1366
25/05/2015,341.139604,7,8374984.758,0.018506,9355
26/05/2015,20.3844,1,7687321.789,0.016987,1288
27/05/2015,12090.83688,21,7494363.133,0.01656,2884
28/05/2015,2280.575024,7,7123873.955,0.015742,2089
29/05/2015,40513.1254,6,7838302.484,0.01732,7599
30/05/2015,1476.711815,7,7505399.995,0.016585,349
31/05/2015,591.1991,1,7489607.538,0.01655,3204
1/06/2015,12806.1215,8,7562877.281,0.016712,4375
2/06/2015,4678.771027,6,7652351.26,0.016909,5402
3/06/2015,4182.580291,8,7296546.422,0.016123,4069
4/06/2015,2542.01523,15,7513274.95,0.016602,5805
5/06/2015,1652.720368,8,6902052.64,0.015251,1511
6/06/2015,16.785756,2,7112720.063,0.015717,2423
7/06/2015,4328.059156,3,6952022.113,0.015362,3341
8/06/2015,3766.556941,4,7162324.494,0.015827,4949
9/06/2015,3542.448822,6,7296546.961,0.016123,2110
10/06/2015,4073.073909,11,7508433.668,0.016591,2311
11/06/2015,4887.55188,8,7411450.627,0.016377,3005
12/06/2015,6026.277712,16,7453857.253,0.016471,2733
13/06/2015,338.53865,6,7550654.607,0.016685,1437
14/06/2015,173.363664,4,7509066.184,0.016593,1025
15/06/2015,31123.11832,15,7476122.789,0.01652,7560
16/06/2015,4709.483478,18,7799373.758,0.017234,11751
17/06/2015,5017.733176,17,8076939.068,0.017848,8633
18/06/2015,5249.348659,13,8458703.861,0.018691,3942
19/06/2015,7538.766534,22,8203052.874,0.018126,5436
20/06/2015,5022.32,14,8480925.535,0.01874,1387
21/06/2015,28358.39672,27,7989991.553,0.017655,11126
22/06/2015,2344.400381,8,8244192.505,0.018217,1683
23/06/2015,3052.44179,9,8286098.54,0.01831,4915
24/06/2015,3628.377078,22,8279131.947,0.018294,3684
25/06/2015,803.818752,7,8124265.011,0.017952,3491
26/06/2015,2659.842419,8,8354660.691,0.018461,1298
27/06/2015,23007.30066,12,8376872.589,0.01851,8591
28/06/2015,42253.37665,15,8907088.41,0.019682,2745
29/06/2015,66422.47814,18,8392673.4,0.018545,6688
30/06/2015,38880.20073,26,8497674.667,0.018777,21198
1/07/2015,26653.5905,23,8179110.371,0.018073,8538
2/07/2015,4768.758308,12,8303746.908,0.018349,8884
3/07/2015,12320.21753,17,8221246.536,0.018166,5613
4/07/2015,8658.26286,12,8301289.95,0.018343,11810
5/07/2015,99332.56468,25,9337513.551,0.020633,30287
6/07/2015,13093.18575,20,10372953.98,0.022921,28678
7/07/2015,47485.06139,36,11591991.51,0.025615,15991
8/07/2015,8745.492161,9,11369559.04,0.025123,14281
9/07/2015,12292.47089,31,12115783.17,0.026772,14872
10/07/2015,18153.05256,26,11062521.86,0.024445,16548
11/07/2015,9764.035164,26,12390024.87,0.027378,23519
12/07/2015,2626.555215,7,12552446.36,0.027737,9669
13/07/2015,15253.59165,31,12918156.69,0.028545,3295
14/07/2015,3855.966614,22,12020115.23,0.026561,7585
15/07/2015,16160.96435,37,12628022.58,0.027904,7586
16/07/2015,5235.788943,11,12679160.78,0.028017,5724
17/07/2015,25754.89868,24,12296754.24,0.027172,15944
18/07/2015,4569.713925,12,12584984.47,0.027809,4464
19/07/2015,11797.3387,23,12638163.81,0.027926,6197
20/07/2015,39366.13619,29,12366362.03,0.027326,25074
21/07/2015,37506.25301,65,13605447.66,0.030064,38820
22/07/2015,102121.1125,37,14452984.13,0.031937,39658
23/07/2015,7461.599964,22,14338391.38,0.031683,13939
24/07/2015,12484.13813,29,14774974.47,0.032648,26934
25/07/2015,26276.87549,36,15522095.19,0.034299,38284
26/07/2015,12984.65142,16,15482586.07,0.034212,5095
27/07/2015,4798.91697,17,15293691.71,0.033794,7612
28/07/2015,73125.91378,19,15271138.13,0.033744,12701
29/07/2015,29036.74107,31,16497251.38,0.036454,5021
30/07/2015,11729.62801,10,15780859.92,0.034871,16290
31/07/2015,4537.111545,4,14954414.65,0.033045,9300
1/08/2015,18589.94558,13,15066827.51,0.033293,6163
2/08/2015,110469.1312,48,14734104.42,0.032558,47916
3/08/2015,186583.0861,39,13713951.41,0.030303,30525
4/08/2015,28436.27875,16,12129261.09,0.026802,56715
5/08/2015,188182.4738,26,11956386.19,0.02642,22828
6/08/2015,94230.4159,42,11358294.45,0.025098,7745
7/08/2015,78163.70088,16,11458872.88,0.02532,9944
8/08/2015,6003.237916,24,10577817.84,0.023374,14442
9/08/2015,29835.92397,24,10104726.13,0.022328,18628
10/08/2015,72537.18752,28,10086444.53,0.022288,14196
11/08/2015,189962.0052,31,10353590.06,0.022878,17497
12/08/2015,233323.0067,36,10034038.2,0.022172,20560
13/08/2015,164912.1365,39,9883608.791,0.02184,45883
14/08/2015,20640.07178,27,9904020.239,0.021885,27564
15/08/2015,14499.72336,31,10005386.44,0.022109,19791
16/08/2015,2982.8824,9,9594156.737,0.0212,14600
17/08/2015,5687.179497,16,9575602.118,0.021159,12408
18/08/2015,7408.672992,19,9579465.809,0.021168,26850
19/08/2015,42215.97283,30,7703182.7,0.017022,21918
20/08/2015,15830.00773,29,8488159.999,0.018756,12285
21/08/2015,30647.04914,27,8823100.111,0.019496,9841
22/08/2015,10385.74463,17,8625427.08,0.019059,15298
23/08/2015,26380.27457,23,8449606.484,0.018671,14526
24/08/2015,6020.54208,16,8946103.695,0.019768,17868
25/08/2015,47741.90868,20,8430962.517,0.01863,19275
26/08/2015,6171.267144,15,8395795.291,0.018552,23440
27/08/2015,15763.37236,21,8928318.157,0.019729,33126
28/08/2015,91004.47003,21,9114770.584,0.020141,35688
29/08/2015,58454.01258,8,9388698.091,0.020746,5506
30/08/2015,16211.00263,14,9129515.37,0.020173,12083
31/08/2015,4007.570104,10,9445632.072,0.020872,43350
1/09/2015,9033.795617,17,10150160.38,0.022429,12773
2/09/2015,31312.89901,13,9993847.772,0.022083,28018
3/09/2015,24591.61106,29,10253799.23,0.022658,44171
4/09/2015,204794.8189,25,10325481.48,0.022816,18284
5/09/2015,22165.3859,30,10246914.88,0.022642,14578
6/09/2015,16536.62928,9,10373903.67,0.022923,10453
7/09/2015,12678.80451,21,10496997.75,0.023195,13649
8/09/2015,3725.480823,8,10721466.74,0.023691,10101
9/09/2015,4332.06198,9,10132648.18,0.02239,9207
10/09/2015,5798.862342,25,10272079.79,0.022698,7194
11/09/2015,5195.200782,18,10185738.5,0.022507,14522
12/09/2015,15869.58177,9,9800288.283,0.021656,10986
13/09/2015,17731.02612,7,9484051.025,0.020957,2699
14/09/2015,15208.98424,18,9513873.063,0.021023,13818
15/09/2015,3956.50333,16,9453640.166,0.02089,13834
16/09/2015,14412.76695,10,9521061.786,0.021039,9285
17/09/2015,5664.893542,15,9144362.112,0.020206,13079
18/09/2015,37682.37838,14,9360275.982,0.020683,9297
19/09/2015,7474.33866,10,9447665.394,0.020876,8195
20/09/2015,20572.20864,24,9434089.408,0.020846,4286
21/09/2015,7723.431729,18,9385298.235,0.020739,6771
22/09/2015,53107.85815,36,9231436.402,0.020399,11870
23/09/2015,40822.96161,52,9285519.041,0.020518,24934
24/09/2015,10225.96575,14,8722861.251,0.019275,10803
25/09/2015,4642.152702,8,9126305.72,0.020166,2098
26/09/2015,12559.62086,12,9275651.132,0.020496,8007
27/09/2015,8824.41232,13,9199846.15,0.020329,6881
28/09/2015,8683.517172,16,9070010.612,0.020042,17376
29/09/2015,3899.837126,6,9167167.65,0.020257,7120
30/09/2015,16602.30975,19,8919355.625,0.019709,14328
1/10/2015,78290.4472,32,9072721.646,0.020048,46629
2/10/2015,4401.354756,17,8424039.459,0.018614,12611
3/10/2015,4514.243544,10,8328552.452,0.018404,7786
4/10/2015,9136.615311,16,8494816,0.018771,6121
5/10/2015,170933.0607,16,8506312.232,0.018796,12696
6/10/2015,8100.482408,15,8437211.825,0.018644,8440
7/10/2015,8858.939832,11,8707968.045,0.019242,9478
8/10/2015,311182.0762,11,8760286.179,0.019358,4811
9/10/2015,143378.6015,12,8879940.301,0.019622,16188
10/10/2015,3914.6106,7,9299998.257,0.02055,33584
11/10/2015,196169.5611,14,9037783.858,0.019971,11168
12/10/2015,3470.551105,6,8808749.01,0.019465,5039
13/10/2015,14895.05431,16,8660714.464,0.019137,7615
14/10/2015,276.10088,3,8950762.739,0.019778,20512
15/10/2015,14139.30752,7,8942389.667,0.01976,17538
16/10/2015,33984.846,16,8844954.035,0.019545,15331
17/10/2015,23036.8216,19,8774185.979,0.019388,44304
18/10/2015,25965.52607,21,8061672.419,0.017814,9033
19/10/2015,70366.14134,67,7593960.46,0.01678,9374
20/10/2015,175039.1965,166,7913181.502,0.017486,89879
21/10/2015,155149.0022,53,7138886.13,0.015775,40869
22/10/2015,140232.0804,43,7570997.434,0.016729,81116
23/10/2015,4935.934728,19,6895630.419,0.015237,20028
24/10/2015,26266.76332,49,6906051.651,0.01526,56324
25/10/2015,89261.12755,34,6138057.143,0.013563,86251
26/10/2015,26774.63518,38,6223500.59,0.013752,55152
27/10/2015,89153.57273,21,6244890.621,0.013799,38841
28/10/2015,293928.9932,75,7177126.844,0.015859,27671
29/10/2015,5177.735496,14,6756070.819,0.014929,19977
30/10/2015,7567.314996,15,7287277.133,0.016103,19616
31/10/2015,22491.06616,11,7409689.948,0.016373,5781
1/11/2015,37827.29601,57,6843781.938,0.015123,21400
2/11/2015,8608.53888,18,7363977.859,0.016272,13128
3/11/2015,24293.16222,50,7111003.144,0.015713,81548
4/11/2015,38661.4224,50,6907465.586,0.015264,85450
5/11/2015,12777.87231,18,5335634.465,0.01179,22263
6/11/2015,2158.54116,5,5821954.813,0.012865,30183
7/11/2015,154.02489,2,6005327.506,0.01327,10104
8/11/2015,58796.44655,50,6301841.51,0.013925,6471
9/11/2015,14431.84774,15,5853138.747,0.012934,5043
10/11/2015,26567.066,8,6071180.888,0.013415,6722
11/11/2015,3845.780355,7,5790293.621,0.012795,21102
12/11/2015,26295.59058,13,6722130.056,0.014854,35236
13/11/2015,6271.69556,10,7295003.004,0.01612,5738
14/11/2015,356.79413,3,6994295.223,0.015455,5465
15/11/2015,607.16136,5,6494989.306,0.014352,4408
16/11/2015,778.091547,3,6811500.159,0.015051,1206
17/11/2015,44911.30787,2,6896084.894,0.015238,4548
18/11/2015,40040.82176,7,6882054.113,0.015207,1090
19/11/2015,25401.3773,48,6960256.214,0.01538,4813
20/11/2015,4032.407973,14,6239444.998,0.013787,33980
21/11/2015,4937.545124,14,5399811.475,0.011932,7567
22/11/2015,3502.429665,17,5627624.569,0.012435,6706
23/11/2015,25244.31074,19,5654406.09,0.012495,5647
24/11/2015,5136.17804,9,5410577.507,0.011956,7941
25/11/2015,6264.185463,11,5266308.411,0.011637,7907
26/11/2015,6329.3422,10,5398950.686,0.01193,14355
27/11/2015,5093.467049,7,5621197.46,0.012421,4835
28/11/2015,15747.4284,8,5724611.538,0.01265,4244
29/11/2015,10210.48528,5,5872950.475,0.012977,5174
30/11/2015,45898.52994,10,5960067.813,0.01317,13810
1/12/2015,2288.285034,8,5617895.094,0.012414,16950
2/12/2015,29391.62786,9,5623416.126,0.012426,1501
3/12/2015,2211.03846,6,5567299.576,0.012302,2848
4/12/2015,3976.725186,21,5711892.494,0.012622,12241
5/12/2015,9614.489984,27,6002821.251,0.013264,7576
6/12/2015,13592.40292,9,6917937.157,0.015286,15349
7/12/2015,8134.375076,4,7240026.902,0.015998,20113
8/12/2015,17125.36415,17,6974047.645,0.01541,23452
9/12/2015,36664.20715,10,7221655.291,0.015958,8988
10/12/2015,594.115938,3,7420818.027,0.016398,1186
11/12/2015,610.425,4,7366689.898,0.016278,8431
12/12/2015,25192.53798,13,8003033.833,0.017684,6400
13/12/2015,20396.90949,12,7461998.016,0.016489,3864
14/12/2015,11307.6518,9,7286642.422,0.016101,6163
15/12/2015,10208.33823,15,7001527.572,0.015471,14690
16/12/2015,5977.20064,8,7132136.351,0.01576,10859
17/12/2015,1542.040332,13,7203969.367,0.015918,5314
18/12/2015,1803.676272,14,6799058.791,0.015024,4258
19/12/2015,18890.17062,10,6965873.447,0.015392,7262
20/12/2015,9621.523832,15,6768193.338,0.014956,6808
21/12/2015,1543.017186,2,6803407.947,0.015033,8307
22/12/2015,755287.3635,21,6553821.039,0.014482,6777
23/12/2015,36237.33451,19,6899259.904,0.015245,27600
24/12/2015,3159.477738,6,6354202.291,0.014041,3901
25/12/2015,0,0,6724837.191,0.01486,2518
26/12/2015,665.169402,3,6617269.574,0.014622,4860
27/12/2015,5795.562717,5,6225677.175,0.013757,1353
28/12/2015,1877.646472,6,6542192.073,0.014456,2391
29/12/2015,4797.554148,7,6264051.629,0.013842,11735
30/12/2015,108.652476,2,6334962.465,0.013998,2327
31/12/2015,3669.694944,10,6179843.432,0.013656,6280
1/01/2016,66265.94839,13,6586402.337,0.014554,5787
2/01/2016,240.07599,5,6519647.823,0.014406,2432
3/01/2016,29439.19172,3,6637409.44,0.014667,7725
4/01/2016,9779.491634,19,6791270.695,0.015007,12981
5/01/2016,10923.47063,24,6709313.475,0.014826,6418
6/01/2016,52496.54219,26,6642677.079,0.014678,20121
7/01/2016,15963.82382,19,7954061.475,0.017576,40361
8/01/2016,213474.9029,22,7771185.798,0.017172,24942
9/01/2016,38894.74418,7,7902018.129,0.017461,2811
10/01/2016,5817.09816,10,7711720.195,0.01704,6587
11/01/2016,5445.179232,4,7696967.355,0.017008,6394
12/01/2016,12083.90962,6,7961212.617,0.017592,12209
13/01/2016,12554.92206,9,7886856.667,0.017428,13116
14/01/2016,2469.380847,10,7862097.686,0.017373,13553
15/01/2016,967.41568,4,7425229.876,0.016408,13864
16/01/2016,14079.86547,7,6687236.522,0.014777,15036
17/01/2016,1228.888595,7,6964469.468,0.015389,3952
18/01/2016,510625.4744,36,6736381.84,0.014885,183548
19/01/2016,13918.03259,15,8757434.586,0.019351,122728
20/01/2016,27129.71792,73,8554499.151,0.018903,208735
21/01/2016,10581.14561,34,7610979.645,0.016818,49554
22/01/2016,26665.7333,59,7466615.307,0.016499,53328
23/01/2016,8978.010992,70,7411211.433,0.016376,103859
24/01/2016,7635.340565,102,7937316.547,0.017539,48693
25/01/2016,4868.015467,90,8740097.419,0.019313,41730
26/01/2016,11727.59594,34,8237030.962,0.018201,206228
27/01/2016,17273.2252,39,8983994.498,0.019852,86009
28/01/2016,36165.76338,51,10718605.1,0.023685,65253
29/01/2016,27932.04297,50,9816314.686,0.021691,113201
30/01/2016,32409.92191,43,8773348.864,0.019386,86377
31/01/2016,6950.390038,11,9475589.639,0.020938,58491
1/02/2016,12239.39132,12,9067527.912,0.020036,40138
2/02/2016,36111.84103,49,8778206.796,0.019397,107198
3/02/2016,22141.12588,30,8310441.473,0.018364,35522
4/02/2016,10835.09275,17,8246328.201,0.018222,49354
5/02/2016,6003.27936,24,9248538.676,0.020436,56418
6/02/2016,5670.647704,19,9593513.14,0.021199,22542
7/02/2016,7642.113551,15,8952971.592,0.019783,28505
8/02/2016,2450.331624,6,9545733.638,0.021093,41224
9/02/2016,7494.302844,22,9379868.696,0.020727,65458
10/02/2016,47234.28063,79,9107617.471,0.020125,342853
11/02/2016,280811.7054,275,12793805.79,0.02827,1688700
12/02/2016,305925.6268,106,15181775.78,0.033547,251712
13/02/2016,70250.1837,77,17864696.97,0.039475,151376
14/02/2016,298169.4801,94,17109499.82,0.037807,272079
15/02/2016,217595.98,102,20883741.51,0.046147,368084
16/02/2016,167818.7192,187,24340182.61,0.053784,1582470
17/02/2016,249836.692,137,21178671.51,0.046798,960935
18/02/2016,175618.9243,114,22608876.43,0.049959,512532
19/02/2016,204744.8925,77,21203268.92,0.046853,275660
20/02/2016,18575.89494,46,22649069.56,0.050047,183364
21/02/2016,44613.30754,47,22818021.36,0.050421,167012
22/02/2016,260550.2088,95,24749513.72,0.054689,579373
23/02/2016,306878.9479,109,27021948.14,0.05971,1171040
24/02/2016,210800.5446,150,27930630.01,0.061718,1179950
25/02/2016,227421.6811,113,31558146.25,0.069734,851955
26/02/2016,228068.3256,126,29944446.4,0.066168,1001770
27/02/2016,266496.4658,164,32371488.81,0.071531,1881970
28/02/2016,1640464.543,306,38686763.05,0.085486,4523880
29/02/2016,587483.7974,116,39624759.35,0.087558,1235240
1/03/2016,790573.284,146,41004767.4,0.090608,1256940
2/03/2016,558751.778,176,36060565.75,0.079683,1295610
3/03/2016,883131.327,203,38939088.41,0.086043,1784540
4/03/2016,160810.276,141,44704801.15,0.098784,1037990
5/03/2016,438107.3549,200,44618047.3,0.098592,1756960
6/03/2016,459203.6241,177,49124564.81,0.10855,1948440
7/03/2016,190802.8831,125,47591316.84,0.105162,1989790
8/03/2016,402116.977,183,46550899.15,0.102863,1051390
9/03/2016,482602.8963,154,47527506.82,0.105021,783888
10/03/2016,213274.4971,119,48767047.45,0.10776,743564
11/03/2016,158799.7589,114,50813490,0.112282,653124
12/03/2016,1936348.258,77,49529145.92,0.109444,575368
13/03/2016,385248.4673,127,48650031.52,0.107502,1742440
14/03/2016,392079.1845,148,43034613.05,0.095093,678561
15/03/2016,195822.0014,103,42343066.01,0.093565,644180
16/03/2016,535893.4345,86,46848937.69,0.103522,455354
17/03/2016,292194.1547,105,44224165.3,0.097722,1058330
18/03/2016,2324648.794,106,38017928.92,0.084008,776299
19/03/2016,75473.96069,56,36338773.16,0.080297,554219
20/03/2016,85662.03451,47,39275213.91,0.086786,196135
21/03/2016,361109.0203,70,37840251.3,0.083615,433710
22/03/2016,404018.1531,50,42035832.05,0.092886,1125120
23/03/2016,67985.39709,58,39707853.49,0.087742,319866
24/03/2016,365033.8066,52,41149065.17,0.090927,487445
25/03/2016,138784.9902,38,44120692.12,0.097493,335060
26/03/2016,82221.15246,31,44193696.11,0.097654,337372
27/03/2016,95435.18288,38,42117743.79,0.093067,458546
28/03/2016,222289.5015,52,39994595.04,0.088376,220639
29/03/2016,35212.97585,33,40681200.92,0.089893,199610
30/03/2016,332073.883,41,39686895.55,0.087696,344576
31/03/2016,441803.168,43,37939373.27,0.083834,197295
1/04/2016,77465.83367,34,36682856.05,0.081058,166052
2/04/2016,52944.76944,36,36218856.66,0.080032,133814
3/04/2016,152213.6779,40,36111188.08,0.079794,139365
4/04/2016,82707.97055,37,37064585.5,0.081901,159205
5/04/2016,145032.9884,102,37336238.58,0.082502,214400
6/04/2016,53599.79259,86,35071361.89,0.077497,191250
7/04/2016,64826.51678,52,34308359.46,0.075811,103627
8/04/2016,58032.49342,57,33877443.45,0.074859,181604
9/04/2016,19830.9952,36,34461053.2,0.076148,102881
10/04/2016,399123.4289,161,33821102.67,0.074734,1005620
11/04/2016,202879.7756,85,30449083.65,0.067283,243035
12/04/2016,111964.2004,74,28132955.08,0.062165,889535
13/04/2016,361070.4539,72,36839390.47,0.081404,959498
14/04/2016,224852.0904,39,36047751.13,0.079654,344636
15/04/2016,60380.35804,44,34675562.35,0.076622,186775
16/04/2016,17932.36153,23,34269707.94,0.075725,100020
17/04/2016,83285.07403,47,35050636.8,0.077451,562026
18/04/2016,26801.97266,54,36413272.18,0.080462,136966
19/04/2016,133920.011,61,37905790.01,0.08376,446426
20/04/2016,101857.0223,48,35662171.15,0.078802,177374
21/04/2016,230239.7115,50,35589673.09,0.078642,402294
22/04/2016,144843.8125,58,34274700.35,0.075736,380914
23/04/2016,101015.9011,51,32331829.69,0.071443,309897
24/04/2016,67539.27834,42,34016813.88,0.075167,214339
25/04/2016,121010.3118,70,32118707.77,0.070972,537331
26/04/2016,112741.8084,84,27672458.05,0.061148,802554
27/04/2016,82833.5061,60,22706608.71,0.050175,610037
28/04/2016,135529.9641,43,24769505.99,0.054733,249361
29/04/2016,120359.14,41,24750402.31,0.054691,192749
30/04/2016,37434.58654,51,23754928.84,0.052491,179701
1/05/2016,30390.23921,19,25354745.5,0.056026,144805
2/05/2016,76066.20092,37,26243148.6,0.057989,184953
3/05/2016,52081.69232,49,27519028.41,0.060809,297398
4/05/2016,135283.5286,28,26857895.98,0.059348,218531
5/05/2016,9793.95546,10,26285601.39,0.058083,51444
6/05/2016,268611.5342,63,26444041.24,0.058433,150616
7/05/2016,675450.6072,91,26309782.72,0.058137,684554
8/05/2016,148762.9543,45,23173306.28,0.051206,307660
9/05/2016,73049.88365,52,22707365.35,0.050176,453568
10/05/2016,118563.3474,63,21509857.23,0.04753,2125310
11/05/2016,232407.6284,37,24006231.03,0.053046,273040
12/05/2016,35170.66501,52,24051576.35,0.053147,223011
13/05/2016,13604.23026,23,23867704.85,0.05274,132859
14/05/2016,110915.3874,15,23828241.84,0.052653,196094
15/05/2016,28421.44179,22,23085285.46,0.051011,52499
16/05/2016,47580.10361,26,23666801.26,0.052296,374441
17/05/2016,44989.1573,78,26738737.72,0.059084,1636920
18/05/2016,39612.61444,54,27909053.46,0.06167,654567
19/05/2016,40323.46818,50,26232024.57,0.057965,547101
20/05/2016,176127.7854,75,27048868.61,0.05977,758868
21/05/2016,162429.0654,70,25829020.58,0.057074,433931
22/05/2016,4328.738486,18,26475176.9,0.058502,271536
23/05/2016,70766.59473,55,27084856.53,0.059849,413464
24/05/2016,32891.00864,26,26161788.93,0.057809,307131
25/05/2016,80887.75128,53,25317591.99,0.055944,260799
26/05/2016,57344.30348,35,25073122.35,0.055404,226267
27/05/2016,290462.9202,45,24711171.91,0.054604,441756
28/05/2016,372399.4973,39,24764207.16,0.054721,581545
29/05/2016,346325.4579,48,26055211.47,0.057574,369392
30/05/2016,224501.7557,51,29005441.54,0.064093,415024
31/05/2016,162829.9814,52,32286289.63,0.071343,887758
1/06/2016,467439.3805,139,28049507.01,0.061981,1200160
2/06/2016,74305.8582,40,26404257.92,0.058345,380672
3/06/2016,88743.58599,50,27325566.9,0.060381,316376
4/06/2016,87087.87657,45,27395713.03,0.060536,241253
5/06/2016,16458.47062,20,27690595.8,0.061188,130192
6/06/2016,110040.6112,49,27684940.48,0.061175,314356
7/06/2016,49253.136,61,26904143.63,0.05945,541168
8/06/2016,19612.2574,39,25213144.42,0.055713,227555
9/06/2016,101956.5145,79,24892237.21,0.055004,436743
10/06/2016,63092.65921,41,25168519.02,0.055615,144775
11/06/2016,11110.61499,20,24989403.23,0.055219,60025
12/06/2016,105241.3502,101,25864026.9,0.057152,614155
13/06/2016,97024.53877,48,23549789.96,0.052038,551234
14/06/2016,25582.02184,45,24006548.1,0.053047,473956
15/06/2016,80951.19848,112,23616546.62,0.052185,2465240
16/06/2016,76249.98623,56,32375146.6,0.071539,1695250
17/06/2016,209960.9181,91,35816462.63,0.079143,1170100
18/06/2016,38694.22479,47,30350342.31,0.067065,479228
19/06/2016,16698.4552,35,32153986.46,0.07105,195570
20/06/2016,22228.54228,28,31716724.87,0.070084,394540
21/06/2016,115109.1069,68,34268533.93,0.075723,503741
22/06/2016,82361.49825,64,33638801.26,0.074331,1433000
23/06/2016,850853.1352,278,36234147.03,0.080066,786102
24/06/2016,281494.2144,156,38700619.42,0.085516,2137680
25/06/2016,48833.19292,50,35373615.67,0.078165,921933
26/06/2016,12923.27812,28,33695739.31,0.074457,269339
27/06/2016,499345.9138,31,33982568.19,0.075091,208772
28/06/2016,91669.70912,59,34164178.69,0.075492,246635
29/06/2016,211109.3142,51,33541139.72,0.074115,437105
30/06/2016,138153.9791,52,34658590.98,0.076585,385070
1/07/2016,131157.6604,38,34376925.53,0.075962,160876
2/07/2016,827467.7739,213,33530061.23,0.074091,300063
3/07/2016,49508.8818,67,32409449.63,0.071615,178904
4/07/2016,44898.96211,48,32193902.04,0.071138,103442
5/07/2016,171806.468,51,32092487.71,0.070914,234980
6/07/2016,51065.75981,59,31263271.13,0.069082,110209
7/07/2016,43779.50082,24,30906298.68,0.068293,218403
8/07/2016,31755.49781,39,30601911.93,0.067621,144540
9/07/2016,21962.71784,27,30584849.66,0.067583,109846
10/07/2016,4536.54832,14,29984312.91,0.066256,205804
11/07/2016,40583.9347,42,30454240.62,0.067294,194119
12/07/2016,60514.50106,49,30628163.83,0.067679,203847
13/07/2016,76708.03597,55,31658304.51,0.069955,323371
14/07/2016,55345.0456,36,29881714.56,0.066029,126806
15/07/2016,202202.5289,125,30695272.21,0.067827,619451
16/07/2016,233270.9108,77,35648223.36,0.078772,227932
17/07/2016,45010.30908,28,34158517.68,0.07548,152616
18/07/2016,92187.20757,29,33516709.6,0.074061,117944
19/07/2016,155584.3745,57,33713252.92,0.074496,196335
20/07/2016,58805.35315,35,33414520.52,0.073836,134834
21/07/2016,66580.46456,56,32608899.21,0.072056,185485
22/07/2016,51337.58157,133,34029678.95,0.075195,193882
23/07/2016,81592.33732,56,34021943.03,0.075178,326395
24/07/2016,53299.00024,69,36126309.37,0.079828,263289
25/07/2016,65465.82775,49,36146578.86,0.079873,165457
26/07/2016,396484.7753,75,34959766.53,0.07725,675964
27/07/2016,68891.91425,81,33877439.85,0.074859,262743
28/07/2016,25716.06929,33,33803267.7,0.074695,187236
29/07/2016,21784.74728,35,34023473.56,0.075181,210492
30/07/2016,21148.48076,22,35476035.71,0.078391,306069
31/07/2016,84418.16814,85,36218987.35,0.080033,169271
1/08/2016,133047.4919,33,35249260.72,0.07789,155627
2/08/2016,105681.7907,104,34260687.15,0.075706,627763
3/08/2016,198804.4259,105,31807739.97,0.070285,383014
4/08/2016,111230.647,68,31059411.33,0.068632,543430
5/08/2016,72274.46423,84,34125247.32,0.075406,793987
6/08/2016,104704.9544,112,38920643.76,0.086003,851678
7/08/2016,115773.5376,73,39797505.15,0.08794,649226
8/08/2016,53840.69885,61,38796284.03,0.085728,311110
9/08/2016,534115.8564,140,41165028.69,0.090962,1228590
10/08/2016,157068.6652,121,42077226.02,0.092978,826379
11/08/2016,341219.8934,46,39667710.24,0.087653,255147
12/08/2016,920136.7471,260,40307938.6,0.089068,5798800
13/08/2016,1267250.792,234,53288951.74,0.117752,3328370
14/08/2016,93282.00722,94,46385264.78,0.102497,1262070
15/08/2016,84201.35868,44,48851675.02,0.107947,628822
16/08/2016,197188.0266,78,46100156.06,0.101867,369375
17/08/2016,180573.8956,101,45744994.44,0.101082,287428
18/08/2016,87784.34049,55,45216182.74,0.099914,369519
19/08/2016,118669.0374,65,44171556.06,0.097605,293021
20/08/2016,44453.12325,48,45026431.8,0.099494,144440
21/08/2016,123201.9908,75,44688192.65,0.098747,403467
22/08/2016,199092.4261,68,48192306.71,0.10649,536259
23/08/2016,162920.2275,88,48039796.21,0.106153,782280
24/08/2016,134457.7528,104,46912940.79,0.103663,1400560
25/08/2016,218788.1305,109,53144587.17,0.117433,681019
26/08/2016,131570.8366,77,51431224.31,0.113647,450994
27/08/2016,55459.24542,59,49605627.76,0.109613,229637
28/08/2016,188947.5872,118,49878517.14,0.110216,379119
29/08/2016,72922.18337,64,47427039.99,0.104799,925643
30/08/2016,207574.1134,181,51481910.11,0.113759,340548
31/08/2016,165988.3118,110,50453710.85,0.111487,553648
1/09/2016,121768.2346,102,48471382.99,0.107107,706656
2/09/2016,144571.4609,93,44564328.19,0.098473,333883
3/09/2016,107021.7174,72,44657570.07,0.098679,613386
4/09/2016,52248.05535,88,40157420.47,0.088735,956501
5/09/2016,114406.9235,59,39946760.14,0.08827,334406
6/09/2016,206703.1889,90,43497172.79,0.096115,408419
7/09/2016,32404.3261,45,40446142.26,0.089373,166394
8/09/2016,92980.39659,72,41731087.99,0.092213,556324
9/09/2016,82510.19993,68,44598362.64,0.098548,264048
10/09/2016,58369.55634,45,44147393.25,0.097552,460265
11/09/2016,46070.75192,60,48371516.91,0.106886,288524
12/09/2016,103322.2319,40,45836004.5,0.101283,357911
13/09/2016,92392.20867,46,45182196.26,0.099839,229380
14/09/2016,87999.72601,36,44614335.7,0.098584,125140
15/09/2016,62332.34593,71,44155041.07,0.097569,267782
16/09/2016,45310.76738,80,43449790.19,0.09601,259796
17/09/2016,44412.66968,53,42189198.95,0.093225,189400
18/09/2016,64596.9697,33,41738821.06,0.09223,126436
19/09/2016,260880.107,44,43046973.24,0.09512,215638
20/09/2016,149338.1263,87,41462653.62,0.09162,502771
21/09/2016,147458.009,105,38336708.75,0.084712,283959
22/09/2016,20531.37629,52,39232220.89,0.086691,103826
23/09/2016,59476.55178,50,38325937.09,0.084688,128825
24/09/2016,57734.86335,47,38771702.43,0.085673,86926
25/09/2016,62842.4852,67,39202713.76,0.086626,163852
26/09/2016,138847.73,65,38643903.4,0.085391,231914
27/09/2016,86788.39066,65,38310637.63,0.084655,164423
28/09/2016,108442.536,94,37035441.75,0.081837,119172
29/09/2016,77408.57429,37,37360011.94,0.082554,115600
30/09/2016,319599.252,132,38014443.66,0.084,1098120
1/10/2016,93597.32907,46,41462352.42,0.091619,366913
2/10/2016,52669.62738,38,40379666.65,0.089227,118976
3/10/2016,53476.75359,39,40133063.95,0.088682,154112
4/10/2016,7969.613857,29,38291906.13,0.084613,133037
5/10/2016,31643.67981,42,39067351.56,0.086327,172398
6/10/2016,8142.190745,28,37446494.58,0.082745,76924
7/10/2016,20812.77058,37,37625977.36,0.083142,96382
8/10/2016,34656.1413,40,37683906.23,0.08327,144014
9/10/2016,18160.12885,23,38259596.12,0.084542,101146
10/10/2016,14348.23265,20,38585161.58,0.085261,98001
11/10/2016,71920.53882,40,38627878.22,0.085356,133360
12/10/2016,107030.0244,31,37748347.53,0.083412,185054
13/10/2016,76491.2507,33,37597738.75,0.083079,76705
14/10/2016,37167.08626,32,37224834.66,0.082255,68059
15/10/2016,130336.754,52,37127072.68,0.082039,942923
16/10/2016,72177.65284,67,40096371.98,0.088601,269403
17/10/2016,23932.75633,49,40409589.27,0.089293,692185
18/10/2016,437974.6494,119,42472356.57,0.093851,708837
19/10/2016,28667.58108,57,41551099.23,0.091815,286044
20/10/2016,197963.3447,121,40810363.4,0.090178,253167
21/10/2016,74581.96,527,40080940.35,0.088566,195916
22/10/2016,11599.18905,19,39475469.77,0.087229,115738
23/10/2016,77835.08461,220,40126465.15,0.088667,112827
24/10/2016,278336.8374,204,39834071.26,0.088021,138133
25/10/2016,129857.7896,45,40805746.38,0.090168,144896
26/10/2016,47080.3806,42,40546341.5,0.089595,144988
27/10/2016,96271.47144,62,40238649.24,0.088915,439658
28/10/2016,151563.3626,78,37460829.02,0.082777,713729
29/10/2016,215984.1514,145,32896620.56,0.072691,1283670
30/10/2016,81581.7051,50,33737912.68,0.07455,323955
31/10/2016,137140.6784,51,35178063.51,0.077733,387093
1/11/2016,73602.52562,56,32362111.23,0.07151,355137
2/11/2016,178856.8403,167,32959709.7,0.072831,188414
3/11/2016,108898.3342,110,33231919.85,0.073432,352820
4/11/2016,116542.0452,74,33075910.94,0.073087,179912
5/11/2016,8035.245695,26,35111368.49,0.077585,74599
6/11/2016,23245.76646,43,35422046.01,0.078272,67263
7/11/2016,62789.09055,78,35221701.86,0.077829,109776
8/11/2016,86681.71169,87,36517766.11,0.080693,171298
9/11/2016,60105.35532,81,36214649.07,0.080023,263131
10/11/2016,78532.44025,48,34993886.65,0.077326,91102
11/11/2016,26477.57787,57,34978183.49,0.077291,69475
12/11/2016,84189.41897,31,35328956.17,0.078066,150864
13/11/2016,30086.39333,14,34506216.02,0.076248,146361
14/11/2016,112046.6273,69,36090556.95,0.079749,84266
15/11/2016,45581.02479,100,35794676.93,0.079095,104222
16/11/2016,30862.99043,68,36428254.06,0.080495,213064
17/11/2016,110857.6037,102,33837073.81,0.074769,131200
18/11/2016,42987.14075,70,33625096.68,0.074301,158616
19/11/2016,54288.55443,69,31049801.32,0.06861,65191
20/11/2016,24488.4705,61,31141036.2,0.068812,175204
21/11/2016,37199.50689,61,31841091.54,0.070359,129249
22/11/2016,57632.23866,63,33522553.29,0.074074,145940
23/11/2016,63796.15387,82,32713026.01,0.072286,62757
24/11/2016,167629.7395,83,33154581.22,0.073261,112018
25/11/2016,86687.09255,84,32652655.31,0.072152,76727
26/11/2016,53430.04132,73,31418725.18,0.069426,81324
27/11/2016,80081.77359,50,31783978.24,0.070233,39950
28/11/2016,61259.54073,45,31797414.24,0.070262,54910
29/11/2016,39392.12174,52,32583005.4,0.071998,84514
30/11/2016,52439.86035,68,32493898.63,0.071801,70042
1/12/2016,25692.1813,57,32078319,0.070883,74809
2/12/2016,150094.9597,77,31514749.41,0.069638,106504
3/12/2016,121252.3028,96,29737671.95,0.065711,222889
4/12/2016,397679.6368,73,32136356.71,0.071011,332654
5/12/2016,115386.4437,112,27844146.76,0.061527,274981
6/12/2016,77470.17308,104,27546093.65,0.060868,152206
7/12/2016,120359.8151,112,28010321.77,0.061894,259722
8/12/2016,102740.08,99,29701374.89,0.065631,77453
9/12/2016,113760.0006,97,29002682.9,0.064087,113608
10/12/2016,67886.05885,69,30445196.68,0.067274,73953
11/12/2016,49614.98304,46,29673637.7,0.06557,46964
12/12/2016,83856.29091,111,29953714.25,0.066188,235090
13/12/2016,106004.6574,99,30991566.22,0.068482,174409
14/12/2016,109137.6289,114,32814745.93,0.07251,186914
15/12/2016,83935.78487,154,34885544.11,0.077086,262917
16/12/2016,305011.4349,636,35521667.41,0.078492,734201
17/12/2016,486020.8987,551,42370718.01,0.093626,474614
18/12/2016,203997.1223,204,41286225.44,0.09123,281624
19/12/2016,205267.3898,619,42684653.89,0.09432,171634
20/12/2016,424721.1746,649,43322749.28,0.09573,764008
21/12/2016,1923587.153,1028,42722305.12,0.094403,1293800
22/12/2016,1410096.21,983,48433969.68,0.107024,1324950
23/12/2016,1119028.618,341,45938142.92,0.101509,865592
24/12/2016,734551.9074,236,47675943.93,0.105349,774122
25/12/2016,179967.5911,177,47173659,0.104239,497691
26/12/2016,582177.1712,168,44870571.79,0.09915,306672
27/12/2016,489018.5561,217,47575929.88,0.105128,281517
28/12/2016,638117.5659,166,45793326.37,0.101189,167453
29/12/2016,608463.3475,186,46750021.95,0.103303,668812
30/12/2016,340866.9121,164,48177825.07,0.106458,233197
31/12/2016,364952.2941,135,46474417.53,0.102694,238803
1/01/2017,534533.7023,201,44953121.36,0.099332,457685
2/01/2017,1125743.262,188,43466522.14,0.096048,819096
3/01/2017,250658.3301,246,42690045.32,0.094332,427715
4/01/2017,301151.3743,203,44755623.03,0.098896,626227
5/01/2017,686723.6325,264,50092573.74,0.110689,813352
6/01/2017,731681.0774,483,46284548.72,0.102275,854610
7/01/2017,363485.3032,331,42089728.58,0.093005,181165
8/01/2017,178459.2808,262,41387320.05,0.091453,146618
9/01/2017,75633.06533,164,42536893.71,0.093993,172490
10/01/2017,134057.3557,261,42815983.43,0.09461,165134
11/01/2017,400662.6617,273,42399686.24,0.09369,487105
12/01/2017,156493.2582,214,37406582.59,0.082657,175752
13/01/2017,164004.2017,266,39988345.4,0.088362,113852
14/01/2017,859080.1472,422,40511134.13,0.089517,468536
15/01/2017,883616.5716,735,45213154.07,0.099907,1390800
16/01/2017,327623.7849,332,47556922.56,0.105086,728366
17/01/2017,1154450.815,382,51351121.73,0.11347,763702
18/01/2017,283352.5136,320,52849522.85,0.116781,247960
19/01/2017,325014.7281,257,53346878.52,0.11788,588611
20/01/2017,277537.6013,256,54419427.05,0.12025,336977
21/01/2017,86923.48779,168,53178528.67,0.117508,218193
22/01/2017,156589.0834,159,53896729.05,0.119095,172474
23/01/2017,393943.0454,186,54695937.44,0.120861,215103
24/01/2017,181788.287,201,56002455.59,0.123748,224522
25/01/2017,169528.5815,187,53917999.35,0.119142,286712
26/01/2017,386718.2699,422,57478681.85,0.12701,978719
27/01/2017,174544.8702,153,55991594.61,0.123724,207200
28/01/2017,197201.3674,139,55454414.94,0.122537,158642
29/01/2017,659826.5328,226,56469489.53,0.12478,1214310
30/01/2017,374094.9695,233,60810824.92,0.134373,1039770
31/01/2017,794135.5616,210,62867223.87,0.138917,711763
1/02/2017,253958.7694,286,66052739.41,0.145956,1115880
2/02/2017,854908.1734,258,62162599.65,0.13736,727525
3/02/2017,501484.6119,370,68560332.28,0.151497,839851
4/02/2017,1398712.14,254,70191331.39,0.155101,426559
5/02/2017,815923.9159,248,69633787.55,0.153869,306808
6/02/2017,287177.5465,189,67608614.96,0.149394,224212
7/02/2017,1344274.993,280,68828696.38,0.15209,1242090
8/02/2017,193108.4023,322,71706929.71,0.15845,285068
9/02/2017,332996.6991,359,73613533.44,0.162663,393445
10/02/2017,572701.9797,273,69047279.61,0.152573,688621
11/02/2017,435162.0733,289,72395714.8,0.159972,975530
12/02/2017,367491.9105,196,75451801.27,0.166725,892466
13/02/2017,722312.1045,432,82754186.44,0.182861,1934650
14/02/2017,1363345.773,685,84936847.25,0.187684,2218070
15/02/2017,1511410.759,447,95623871.96,0.211299,1339110
16/02/2017,516812.1754,283,87386060.26,0.193096,999090
17/02/2017,900165.3066,326,92805375.42,0.205071,1726540
18/02/2017,886435.8159,551,89613976.24,0.198019,905325
19/02/2017,454616.29,377,90307286.27,0.199551,544677
20/02/2017,725460.1525,338,85815703.66,0.189626,338193
21/02/2017,780894.5984,324,86047863.35,0.190139,1060900
22/02/2017,408320.9145,447,81496996.19,0.180083,516959
23/02/2017,169202.7595,187,81363040.66,0.179787,356485
24/02/2017,388180.2485,200,85490771.24,0.188908,676113
25/02/2017,708014.7317,285,80117163.43,0.177034,463648
26/02/2017,495244.628,147,74710067.91,0.165086,462028
27/02/2017,188013.2089,112,79342393.69,0.175322,281642
28/02/2017,773547.4205,163,82189853.78,0.181614,397846
1/03/2017,742531.1347,154,80009908.5,0.176797,591722
2/03/2017,519976.7128,232,75797098.52,0.167488,905629
3/03/2017,148457.511,151,74108625.2,0.163757,438533
4/03/2017,393072.9496,432,75952776.16,0.167832,468988
5/03/2017,176273.7458,256,76404876.27,0.168831,260958
6/03/2017,495379.0859,198,75967257.99,0.167864,305058
7/03/2017,447590.393,144,74051151.24,0.16363,355731
8/03/2017,358820.0164,199,70699095.75,0.156223,445097
9/03/2017,540632.6212,222,62461283.89,0.13802,434736
10/03/2017,409898.9926,180,69872282.01,0.154396,1370760
11/03/2017,343433.9854,141,67977898.13,0.15021,858826
12/03/2017,215947.293,184,71332669.25,0.157623,585359
13/03/2017,470137.3565,263,76732524.11,0.169555,1631910
14/03/2017,505544.9032,219,83334358.61,0.184143,617806
15/03/2017,437864.1357,262,78129553.25,0.172642,757548
16/03/2017,720281.5002,292,83618109.2,0.18477,2117030
17/03/2017,1484905.956,301,85776332.13,0.189539,819391
18/03/2017,340002.4103,318,78412851.29,0.173268,831253
19/03/2017,237876.1092,277,68439048.34,0.151229,484812
20/03/2017,588423.6513,378,74797410.25,0.165279,625457
21/03/2017,429847.185,258,78969037.76,0.174497,581324
22/03/2017,951118.046,507,81096940.21,0.179199,2200110
23/03/2017,458586.2368,231,74190990.02,0.163939,917980
24/03/2017,482476.2125,264,74624987.46,0.164898,898022
25/03/2017,313375.1028,260,66304358.97,0.146512,727142
26/03/2017,576823.3415,398,63509395,0.140336,1024540
27/03/2017,425904.6952,164,63346476.36,0.139976,867122
28/03/2017,678944.656,552,68789324.7,0.152003,419326
29/03/2017,114061.4381,166,69187117.38,0.152882,623071
30/03/2017,508990.3699,609,70071405.4,0.154836,754816
31/03/2017,583812.9385,584,69556400.56,0.153698,1404400
1/04/2017,200323.0697,218,75400210.14,0.166611,595743
2/04/2017,497276.7788,525,80153367.98,0.177114,862892
3/04/2017,1032949.44,445,78907038.21,0.17436,4895030
4/04/2017,1465257.308,395,91826504.55,0.202908,4300240
5/04/2017,402242.8933,283,92182211.02,0.203694,1079460
6/04/2017,1424731.746,317,89381364.07,0.197505,1722680
7/04/2017,237088.0408,548,83862035.32,0.185309,460586
8/04/2017,63183.9504,144,84138996.57,0.185921,617365
9/04/2017,154841.062,165,90264746.32,0.199457,439272
10/04/2017,336771.364,133,84905620.53,0.187615,1914980
11/04/2017,2439661.746,312,94733248.59,0.209331,1671810
12/04/2017,180486.4461,141,88851878.24,0.196335,1042610
13/04/2017,213460.9037,158,93314496.7,0.206196,1836650
14/04/2017,138128.9872,171,89922617.1,0.198701,451172
15/04/2017,493787.1499,159,87940437.45,0.194321,329393
16/04/2017,520455.7192,241,89213919.27,0.197135,903077
17/04/2017,412977.6926,203,93924537.96,0.207544,1575470
18/04/2017,465897.3915,309,94867657.31,0.209628,877605
19/04/2017,396918.6574,330,96542553.55,0.213329,1200350
20/04/2017,290167.844,166,99068701.47,0.218911,1375830
21/04/2017,1488850.84,654,96192730.42,0.212556,1082090
22/04/2017,293354.4256,180,99690960.19,0.220286,1130720
23/04/2017,334282.5527,213,102088582.9,0.225584,1508350
24/04/2017,443463.7079,171,104100179.1,0.230029,1123840
25/04/2017,615810.6313,193,106484677,0.235298,863681
26/04/2017,550834.9425,226,104531009.2,0.230981,1200080
27/04/2017,589969.8623,259,109117627.6,0.241116,593836
28/04/2017,874396.3103,241,110976259.7,0.245223,899066
29/04/2017,563756.6663,288,114511600,0.253035,1743000
30/04/2017,348652.4235,246,117715670.4,0.260115,1387470
1/05/2017,1056827.97,239,115920395.4,0.256148,2101080
2/05/2017,304064.3363,219,113408729.5,0.250598,1761050
3/05/2017,1898371.794,213,116645384.4,0.25775,1751990
4/05/2017,1298599.798,286,115159202.1,0.254466,2805870
5/05/2017,817356.8618,269,120728311.8,0.266772,3769290
6/05/2017,2067071.901,248,127856464.7,0.282523,2654230
7/05/2017,1375323.087,695,132100501.9,0.291901,11015500
8/05/2017,716586.7946,523,150097606,0.331669,5574780
9/05/2017,786549.2524,452,154952588,0.342397,4875170
10/05/2017,1008235.943,314,131904094.1,0.291467,1655330
11/05/2017,338656.4173,216,138624496.9,0.306317,3045480
12/05/2017,734339.1466,254,150399910.8,0.332337,4362970
13/05/2017,1082883.596,321,152689373.3,0.337396,4792130
14/05/2017,396085.4584,225,146678572.3,0.324114,4402150
15/05/2017,447837.377,228,159160873.3,0.351696,1580480
16/05/2017,356922.581,203,142361222.5,0.314574,1578430
17/05/2017,978636.0012,266,140057278.3,0.309483,1535350
18/05/2017,1448185.458,348,142802008.4,0.315548,2075340
19/05/2017,1168734.061,303,152219624.5,0.336358,2127620
20/05/2017,912199.9637,427,164885661.5,0.364346,1694430
21/05/2017,744437.8966,461,165927889.3,0.366649,1837440
22/05/2017,635578.9784,234,168333205.6,0.371964,2695000
23/05/2017,773678.3064,304,163680061.6,0.361682,2288030
24/05/2017,463139.9352,287,183861636,0.406277,5081470
25/05/2017,2997518.721,314,199600503.6,0.441055,3372850
26/05/2017,514827.8689,172,176900475.1,0.390895,1863060
27/05/2017,1252884.951,230,170156991.6,0.375994,1934440
28/05/2017,467328.9961,212,151420416.8,0.334592,1747990
29/05/2017,357650.8388,137,161168848.5,0.356133,1348970
30/05/2017,1083904.192,301,167690581.4,0.370544,1637700
31/05/2017,577897.6355,216,159168114,0.351712,2581360
1/06/2017,4433071.087,230,177992936.9,0.393309,1629420
2/06/2017,896817.4099,194,180434004,0.398703,3191020
3/06/2017,1124750.34,254,179196725.7,0.395969,2671870
4/06/2017,1731969.036,277,191534662.5,0.423232,4051010
5/06/2017,977576.7098,281,185970983.3,0.410938,6554910
6/06/2017,3478713.119,539,230021529.5,0.508276,14781500
7/06/2017,3673932.695,555,233592620.8,0.516167,17674900
8/06/2017,5253642.651,419,236789451.3,0.523231,12095000
9/06/2017,847721.8483,264,246650568.3,0.545021,4553500
10/06/2017,1866109.593,393,254483345.5,0.562329,4463740
11/06/2017,614283.4919,230,242661319.1,0.536206,2760710
12/06/2017,596845.9998,222,247921335.6,0.547829,2298420
13/06/2017,1121367.42,349,216172520.7,0.477674,2794560
14/06/2017,600813.6977,179,236410665,0.522394,2469760
15/06/2017,1984144.362,248,215628100.4,0.476471,1784540
16/06/2017,674058.8593,234,205316240.7,0.453685,3644170
17/06/2017,341300.0244,197,215481020.9,0.476146,2072100
18/06/2017,457722.5484,126,222558035.8,0.491784,1740710
19/06/2017,2318108.514,288,220887212.1,0.488092,5385830
20/06/2017,834557.5834,298,246767779.2,0.54528,5903810
21/06/2017,703169.265,222,229731896,0.507636,3244380
22/06/2017,711010.3701,272,212197753,0.468891,3440170
23/06/2017,755760.0901,225,228414063.5,0.504724,3626720
24/06/2017,377628.1232,204,248877578.7,0.549942,2718670
25/06/2017,769920.4045,195,231848031.3,0.512312,1767340
26/06/2017,481497.8967,251,216425497.5,0.478233,3889540
27/06/2017,669501.0172,241,203658994.4,0.450023,2215940
28/06/2017,976221.4558,229,213557220.8,0.471895,1723490
29/06/2017,1014108.852,198,226203344.6,0.499839,1504980
30/06/2017,1693501.503,293,214107071.7,0.47311,2252430
1/07/2017,466553.8179,176,209472029.6,0.462868,2290300
2/07/2017,551908.7462,147,196806898,0.434882,2119780
3/07/2017,768911.6675,172,201884535.8,0.446102,1600030
4/07/2017,1300066.906,272,212648495,0.469887,2036880
5/07/2017,440809.1732,126,222167935,0.490922,1444900
6/07/2017,687735.5896,226,223365841.7,0.493569,1764740
7/07/2017,654465.1416,141,221156933.3,0.488688,1569460
8/07/2017,1149803.233,146,207385762.8,0.458258,1392680
9/07/2017,278144.3692,112,202842136.6,0.448218,1799080
10/07/2017,1479477.716,214,189195418.8,0.418063,3582040
11/07/2017,2111582.441,345,143848310,0.31786,4440000
12/07/2017,1999558.742,264,135390557.7,0.299171,3468390
13/07/2017,582077.6776,161,149483039.4,0.330311,2320020
14/07/2017,1005246.472,149,138844438,0.306803,1664030
15/07/2017,801089.8878,152,124626598.4,0.275386,1378270
16/07/2017,419099.7329,144,121348761.7,0.268143,1419260
17/07/2017,388494.1353,146,115852059.8,0.255997,996170
18/07/2017,470621.6651,122,135234426.9,0.298826,1100380
19/07/2017,499839.5396,124,145671643.3,0.321889,1030450
20/07/2017,420776.649,148,134389511.5,0.296959,1302300
21/07/2017,933785.1612,153,161527722.5,0.356926,712945
22/07/2017,354069.1961,124,159187573.6,0.351755,1344510
23/07/2017,313269.6145,57,178269898.3,0.393921,936073
24/07/2017,370204.4807,121,170419924.2,0.376575,907901
25/07/2017,323587.3068,90,170870214.2,0.37757,1456420
26/07/2017,280868.9757,81,144048790.8,0.318303,1457380
27/07/2017,289992.6869,102,152866774,0.337788,1354970
28/07/2017,955166.8845,188,155671241.8,0.343985,2654560
29/07/2017,316397.4423,127,144909544.6,0.320205,1780770
30/07/2017,374700.7719,126,145547643.5,0.321615,1694960
31/07/2017,547129.9249,237,138229418.5,0.305444,2294370
1/08/2017,233781.5611,147,129612820.7,0.286404,2909400
2/08/2017,560163.2943,299,143951038.8,0.318087,1796100
3/08/2017,908847.3363,460,150935280.1,0.33352,1684880
4/08/2017,697334.5568,309,153155502.6,0.338426,1665010
5/08/2017,676584.1682,250,149110589,0.329488,2252270
6/08/2017,836363.7568,189,160114401.3,0.353803,1296770
7/08/2017,864146.5025,249,164009066.6,0.362409,2085350
8/08/2017,878383.6814,262,162069427.5,0.358123,1788310
9/08/2017,839880.4952,178,161528627,0.356928,2001300
10/08/2017,742547.55,198,171672137.4,0.379342,2179920
11/08/2017,994171.6418,263,162617016,0.359333,2063470
12/08/2017,983049.4105,325,166751082.1,0.368468,3732240
13/08/2017,2249487.911,447,174925988.9,0.386532,4958590
14/08/2017,617998.4055,215,163663769.7,0.361646,2570100
15/08/2017,1143435.786,265,170656157.2,0.377097,4758110
16/08/2017,672859.8639,190,178227811.5,0.393828,2289320
17/08/2017,1092748.126,301,185201644.3,0.409238,2627380
18/08/2017,2193159.964,455,195995924.4,0.43309,6033950
19/08/2017,852498.4508,163,206943619.5,0.457281,2944220
20/08/2017,829944.0043,209,200901592.5,0.44393,2672700
21/08/2017,17745999.62,295,218967032.1,0.483849,3696750
22/08/2017,1001251.16,234,210478054,0.465091,3526460
23/08/2017,699281.8452,189,207681732.5,0.458912,2781400
24/08/2017,357150.8835,81,216056214.5,0.477417,2654260
25/08/2017,1164420.763,272,236665451.8,0.522957,3637720
26/08/2017,628924.4898,142,246996770.6,0.545786,5535110
27/08/2017,1342042.809,230,282223903.1,0.623627,3060370
28/08/2017,1088097.707,215,271664497.2,0.600294,3432980
29/08/2017,3389877.106,415,287874019.4,0.636112,5955930
30/08/2017,594781.8763,125,288028340.3,0.636453,3680150
31/08/2017,1354354.786,282,298508096.6,0.65961,3958540
1/09/2017,1868681.93,311,298439760.8,0.659459,3332400
2/09/2017,2066352.497,272,323958286.6,0.715847,5036790
3/09/2017,1199767.111,146,301147835.1,0.665443,2428930
4/09/2017,2880071.523,330,305184602.7,0.674363,4773210
5/09/2017,1322205.707,256,260031185.6,0.574588,2984600
6/09/2017,981352.7404,230,283007723.5,0.625359,2523720
7/09/2017,1828629.758,254,307064957.2,0.678518,1990370
8/09/2017,2134596.043,275,304980500.9,0.673912,3097260
9/09/2017,895783.6752,178,279347479.7,0.617271,1935650
10/09/2017,1601931.917,196,280854479.7,0.620601,2034110
11/09/2017,965308.9059,150,278771380.6,0.615998,1701420
12/09/2017,1881229.194,277,281879057.6,0.622865,1734310
13/09/2017,601533.1303,147,267457570.3,0.590998,2980030
14/09/2017,630592.3804,118,243319329.6,0.53766,2038220
15/09/2017,1085555.831,214,185905363,0.410793,5228990
16/09/2017,675835.3696,190,247905496.3,0.547794,1487280
17/09/2017,824107.2617,127,242337744,0.535491,1566440
18/09/2017,1222289.502,114,241527674.4,0.533701,1449840
19/09/2017,1327271.709,249,266942565.2,0.58986,1542410
20/09/2017,1338120.043,181,251131289.3,0.554922,2693650
21/09/2017,946695.3614,160,255432347.3,0.564426,2326580
22/09/2017,739866.6064,136,215876551.1,0.47702,2106560
23/09/2017,293341.7369,124,207591222.1,0.458712,950706
24/09/2017,391081.737,80,222301890.5,0.491218,830918
25/09/2017,676031.9839,90,215035709.4,0.475162,1071560
26/09/2017,819220.5852,131,228766149.8,0.505502,841541
27/09/2017,366110.0709,103,223572205.8,0.494025,1113950
28/09/2017,553357.5808,164,233875013.4,0.516791,1208350
29/09/2017,643519.4864,107,223431913.8,0.493715,2144370
30/09/2017,456908.0715,92,220715694.8,0.487713,1195870
1/10/2017,551419.876,92,219110038.4,0.484165,1326000
2/10/2017,409655.2198,89,208238372.1,0.460142,1244450
3/10/2017,591618.1375,107,202891465.7,0.448327,1670930
4/10/2017,383658.1103,86,207190713.4,0.457827,1577820
5/10/2017,933094.4259,117,202382796.4,0.447203,1352100
6/10/2017,599220.743,91,199834926.7,0.441573,1420160
7/10/2017,158567.2843,71,211390852.3,0.467108,1195250
8/10/2017,314252.1279,96,207013764.7,0.457436,1994350
9/10/2017,649829.4329,151,192874217.1,0.426192,3135910
10/10/2017,2003674.885,162,178395707.8,0.394199,2158910
11/10/2017,781069.7961,113,181174379.8,0.400339,2534060
12/10/2017,739813.7233,161,180131699.3,0.398035,3620640
13/10/2017,719634.3739,123,170270129.5,0.376244,3300280
14/10/2017,1444975.052,153,177715069.1,0.392695,1545690
15/10/2017,134097.1127,84,177125845.9,0.391393,2327030
16/10/2017,433946.1679,102,179486359.6,0.396609,1628770
17/10/2017,610368.0025,173,181286612.9,0.400587,1580600
18/10/2017,294867.0897,94,183144340.5,0.404692,1308610
19/10/2017,744303.4576,148,176862461,0.390811,1586320
20/10/2017,566999.2738,127,166905855.4,0.36881,1936580
21/10/2017,369252.7296,121,166358266.6,0.3676,2249650
22/10/2017,252245.2084,91,155272090.2,0.343103,1479960
23/10/2017,311028.7476,114,153665981.8,0.339554,1453130
24/10/2017,526594.7032,189,148744473.8,0.328679,2028920
25/10/2017,447319.1555,98,162824284.5,0.359791,1385060
26/10/2017,241436.5083,89,161647195.8,0.35719,1144960
27/10/2017,1292152.311,74,156865074.3,0.346623,964655
28/10/2017,255979.244,44,157171905.5,0.347301,865695
29/10/2017,334733.7066,103,157332108.7,0.347655,2141310
30/10/2017,260840.8847,80,162265382.7,0.358556,888856
31/10/2017,616532.7456,108,162615205.6,0.359329,1542910
1/11/2017,1167644.115,168,175896261.2,0.388676,2326720
2/11/2017,1264417.539,235,165811130.8,0.366391,4398220
3/11/2017,275348.9192,120,148322243.1,0.327746,1652870
4/11/2017,303501.8031,99,145392418.7,0.321272,1343780
5/11/2017,311941.7535,97,148171542.8,0.327413,1423940
6/11/2017,4925146.871,76,145546286.1,0.321612,2468120
7/11/2017,7601314.314,126,157981521.8,0.34909,2136720
8/11/2017,14343046.57,262,171128622,0.378141,4832510
9/11/2017,498098.2234,194,201641063.1,0.445564,3522770
10/11/2017,955105.2678,115,212547123.5,0.469663,2519370
11/11/2017,233177.1674,32,184541822.5,0.40778,1583430
12/11/2017,77842.968,41,181354042.9,0.400736,1866340
13/11/2017,761260.6117,111,177138517.3,0.391421,1960230
14/11/2017,634516.4475,110,182801758.7,0.403935,1947590
15/11/2017,463954.7937,70,186218076.6,0.411484,1799410
16/11/2017,880417.4228,175,181847778.6,0.401827,2180000
17/11/2017,333142.1381,125,173975176.5,0.384431,1980130
18/11/2017,717962.8923,128,172547826,0.381277,1969390
19/11/2017,487643.1985,107,177306866.8,0.391793,1835000
20/11/2017,442075.4674,114,176623965.5,0.390284,1819740
21/11/2017,562750.9587,86,176440682.3,0.389879,1772640
22/11/2017,210353.6012,43,186362893.2,0.411804,2133620
23/11/2017,567351.346,574,192913590,0.426279,3078080
24/11/2017,621601.0836,101,209810086.9,0.463615,2206700
25/11/2017,377095.4732,92,207531032.9,0.458579,2219530
26/11/2017,932273.9775,134,215530801.3,0.476256,2492150
27/11/2017,600747.9285,128,206625927.7,0.456579,2296450
28/11/2017,902667.9293,185,223090237.2,0.49296,3107530
29/11/2017,1279706.012,160,253026126.2,0.559109,4836820
30/11/2017,323082.6561,78,209818232,0.463633,2164240
1/12/2017,640360.7738,135,213635059.9,0.472067,2209870
2/12/2017,796380.9288,124,223311987.7,0.49345,2368360
3/12/2017,757296.9391,184,227664183.9,0.503067,3019150
4/12/2017,1793413.251,164,242023219.3,0.534796,3858560
5/12/2017,1090129.203,202,263964318.6,0.583279,3443140
6/12/2017,2269875.65,250,282914045,0.625152,6642550
7/12/2017,987065.9009,219,244816373.4,0.540968,8205190
8/12/2017,933443.9457,85,227219324.9,0.502084,5702220
9/12/2017,814937.8619,205,235820536.1,0.52109,3750050
10/12/2017,1168722.051,168,221444303.9,0.489323,3595740
11/12/2017,911279.6309,131,201232860.5,0.444662,3765870
12/12/2017,263475.7129,67,204710273,0.452346,6806130
13/12/2017,518366.5757,76,250933071.3,0.554484,6080860
14/12/2017,1143049.235,138,251323172.1,0.555346,5654750
15/12/2017,600322.4701,67,269435676.9,0.595369,5537370
16/12/2017,419546.4411,45,262187145.2,0.579352,3848010
17/12/2017,2166928.255,100,250381863.1,0.553266,4760390
18/12/2017,1916982.439,226,303189750.8,0.669955,9819730
19/12/2017,1159740.429,42,359089930.4,0.793477,8000760
20/12/2017,1430578.951,178,337872462.8,0.746593,9962100
21/12/2017,919468.2963,106,351878507.2,0.777542,10238100
22/12/2017,475452.22,59,376036660.8,0.830924,7830560
23/12/2017,1320888.979,138,308895984.2,0.682564,7408950
24/12/2017,443372.1381,46,388361925.5,0.858159,8922650
25/12/2017,1110677.87,142,376428118.1,0.831789,9676770
26/12/2017,2136598.518,215,408648492.6,0.902986,10462000
27/12/2017,871711.057,105,402205631.3,0.884755,15336900
28/12/2017,2092625.25,113,466128984,1.03,7664210
29/12/2017,1684600.341,111,430242030.8,0.950701,6611900
30/12/2017,2345033.565,248,407310746.8,0.90003,5621330
31/12/2017,2012813.824,179,357940899.3,0.790938,8529030
1/01/2018,5008546.941,381,428146594.4,0.947069,22130000
2/01/2018,2298786.69,213,502940543.9,1.11,16321800
3/01/2018,4942023.9,233,495897263.4,1.1,10299200
4/01/2018,2465475.48,188,535539713.5,1.18,9415190
5/01/2018,2517784.56,239,489838512.9,1.08,11867400
6/01/2018,1297926.69,178,468020653,1.03,8550790
7/01/2018,2856928.51,250,465819571.5,1.03,9690180
8/01/2018,1420193.8,146,523488945.6,1.16,7737460
9/01/2018,2649346.75,244,485061191.2,1.07,10738300
10/01/2018,1362533.76,131,506159424.3,1.12,7472350
11/01/2018,2180689.96,123,484231080.5,1.07,7484060
12/01/2018,3610751.246,256,412067525.4,0.910541,7009980
13/01/2018,1974160.139,157,445098587.2,0.98022,7833650
14/01/2018,933495.62,113,493282129,1.09,6201860
15/01/2018,1740780.2,147,439378302.1,0.969179,7713740
16/01/2018,2267463.63,184,466128983.7,1.03,8425610
17/01/2018,1199974.649,136,311804991.1,0.688992,5715190
18/01/2018,1452818.74,151,316440486,0.699235,6444580
19/01/2018,1731390.249,92,316923358.8,0.700302,4476900
20/01/2018,702834.6742,100,339125128.3,0.749361,4871990
21/01/2018,604150.3124,112,352301192,0.778476,5268670
22/01/2018,1507999.835,153,306663090.7,0.67763,12787100
23/01/2018,2138694.702,298,329849161.5,0.728864,7175650
24/01/2018,604787.3948,84,301082666.7,0.665299,5249180
25/01/2018,701125.7592,96,312533148.4,0.690601,3578950
26/01/2018,292918.9177,57,298102609.5,0.658714,3645210
27/01/2018,307599.6751,50,300174394.4,0.663292,4625300
28/01/2018,1007956.355,77,315395089.9,0.696925,4004450
29/01/2018,569354.8321,86,317525706.7,0.701633,4318050
30/01/2018,1000327.691,99,301766473.3,0.66681,3640740
31/01/2018,658504.635,94,261569411,0.577987,4358030
1/02/2018,1557440.745,121,267253468.8,0.590547,4250070
2/02/2018,1403732.388,168,216994356.6,0.47949,5801540
3/02/2018,384248.0542,76,195954289.4,0.432998,2369930
4/02/2018,650950.5234,69,217952862,0.481608,2605180
5/02/2018,491977.3186,126,176463309.9,0.389929,1937910
6/02/2018,357989.0587,91,148183309,0.327439,1921150
7/02/2018,566965.236,115,171538633.8,0.379047,2714230
8/02/2018,408276.0695,84,174158007.5,0.384835,2276080
9/02/2018,369660.9986,68,183019888.9,0.404417,1804260
10/02/2018,631898.105,91,199558417.2,0.440962,1843230
11/02/2018,482098.1548,62,185466386.6,0.409823,1948960
12/02/2018,522710.6896,78,180693769.4,0.399277,2950820
13/02/2018,328636.0378,52,197924249.7,0.437351,1666410
14/02/2018,534257.1721,107,184531866.1,0.407758,2282770
15/02/2018,2452744.579,106,220177609.5,0.486524,2334530
16/02/2018,1461231.06,104,228851682,0.505691,2220820
17/02/2018,418330.3582,76,221498609.7,0.489443,1834110
18/02/2018,5456203.072,256,237892320.9,0.525668,4558600
19/02/2018,662208.9607,83,203847708.6,0.45044,2336700
20/02/2018,675453.4794,92,210140902.4,0.464346,2707900
21/02/2018,530753.2178,77,200856337,0.44383,3152680
22/02/2018,41774771.75,73,197545464.1,0.436514,1628050
23/02/2018,545670.785,168,184401531.3,0.40747,2973650
24/02/2018,1599553.758,451,168456752.4,0.372237,3294410
25/02/2018,1034836.398,204,163149217.1,0.360509,2262270
26/02/2018,1390337.714,295,155228644.8,0.343007,2431610
27/02/2018,444798.1622,207,160696835.9,0.35509,2319670
28/02/2018,1037564.399,288,161900172.8,0.357749,8320460
1/03/2018,1119628.636,338,171997070.2,0.38006,4883590
2/03/2018,1811852.649,218,176664243.1,0.390373,5179730
3/03/2018,829706.2089,162,182899057.5,0.40415,4440950
4/03/2018,373906.6403,130,184593413.9,0.407894,2278960
5/03/2018,1434629.614,604,189169623.4,0.418006,2749450
6/03/2018,869797.4169,796,178579444.3,0.394605,2902060
7/03/2018,1125526.049,442,166909928.1,0.368819,2821220
8/03/2018,2309154.595,486,155242221.6,0.343037,2489660
9/03/2018,2736984.262,1341,135984306.8,0.300483,2448200
10/03/2018,357020.8653,215,138204075.9,0.305388,1291030
11/03/2018,433610.4981,138,129411435.6,0.285959,1453910
12/03/2018,361466.482,151,146640558.3,0.32403,1340530
13/03/2018,512976.2523,139,145250770,0.320959,1506600
14/03/2018,444554.0236,134,148885670.4,0.328991,1070860
15/03/2018,1386040.872,493,129957666.1,0.287166,1065470
16/03/2018,471925.1293,256,132429959.4,0.292629,900548
17/03/2018,179609.4192,165,132684746.6,0.293192,945674
18/03/2018,81976.87352,108,121406235.7,0.26827,1180090
19/03/2018,205003.9335,144,127497590.7,0.28173,1129230
20/03/2018,450350.8414,157,138206338.7,0.305393,1776530
21/03/2018,502290.629,170,156014729,0.344744,1961760
22/03/2018,177110.2579,105,142100552.6,0.313998,1096660
23/03/2018,291320.9212,81,143769565.3,0.317686,1068240
24/03/2018,113138.7449,65,144494554.3,0.319288,1684850
25/03/2018,170161.4708,66,125815453.9,0.278013,1039300
26/03/2018,129692.5072,66,131240652.6,0.290001,928585
27/03/2018,696600.4553,220,124379957.9,0.274841,898686
28/03/2018,205514.6408,75,116362991.9,0.257126,879600
29/03/2018,124291.2184,91,121243316.5,0.26791,886388
30/03/2018,156104.3856,106,104295229.3,0.23046,657324
31/03/2018,57434.16854,70,103042564.1,0.227692,600398
1/04/2018,24928.04048,31,103828194.6,0.229428,418971
2/04/2018,216012.0848,51,107565825.3,0.237687,880205
3/04/2018,82232.79028,60,112180502.2,0.247884,942349
4/04/2018,49924.11321,132,123185219.5,0.272201,867025
5/04/2018,235264.7879,99,109176459.3,0.241246,982558
6/04/2018,39327.99118,45,108957423.7,0.240762,816020
7/04/2018,51055.16722,34,109476048.9,0.241908,930233
8/04/2018,144194.2022,77,119828185.6,0.264783,1359490
9/04/2018,54414.31625,63,124631576.4,0.275397,998543
10/04/2018,96752.69012,80,119037123.9,0.263035,1119270
11/04/2018,103201.4453,89,125414040,0.277126,1255130
12/04/2018,60850.26675,68,130207927.5,0.287719,1544360
13/04/2018,124045.7576,91,144585517.5,0.319489,1719750
14/04/2018,61489.74959,56,146488953.1,0.323695,1225550
15/04/2018,237233.9264,67,149206077.9,0.329699,1388220
16/04/2018,67858.10573,62,160909987.8,0.355561,1298290
17/04/2018,199281.7862,91,150751544,0.333114,933180
18/04/2018,167351.5864,85,154266971.4,0.340882,1392930
19/04/2018,226346.6015,101,163971052.9,0.362325,1414670
20/04/2018,47785.71798,66,167529472.2,0.370188,1922600
21/04/2018,113492.0193,55,175681751.7,0.388202,1681090
22/04/2018,97919.50819,77,165889421.9,0.366564,1290870
23/04/2018,146164.4053,81,167324918.7,0.369736,1364110
24/04/2018,176946.1983,120,170943075.2,0.377731,1496710
25/04/2018,34225.15575,60,184498830.3,0.407685,1664090
26/04/2018,186758.0395,64,161905603.7,0.357761,1613630
27/04/2018,176063.6531,61,173150626,0.382609,1518430
28/04/2018,83817.76266,66,163771477.1,0.361884,1061320
29/04/2018,106851.635,71,171811975.5,0.379651,861961
30/04/2018,114197.6925,62,171441788.3,0.378833,1995430
1/05/2018,148961.6853,76,172201171.2,0.380511,1563430
2/05/2018,248758.2046,73,174120898.7,0.384753,1977560
3/05/2018,176966.9442,87,167235313.4,0.369538,1552850
4/05/2018,84416.88657,43,177928674,0.393167,1235960
5/05/2018,176529.8876,64,173462887.2,0.383299,1528820
6/05/2018,68025.61033,42,169314792,0.374133,618605
7/05/2018,72011.08746,49,165788051,0.36634,904033
8/05/2018,27505.79073,55,157366050.3,0.34773,918647
9/05/2018,280995.5077,82,158930071.3,0.351186,814060
10/05/2018,290975.7463,61,157052883.7,0.347038,2046460
11/05/2018,53813.50769,27,166885490.4,0.368765,1111480
12/05/2018,490056.3724,65,155978524.5,0.344664,1764000
13/05/2018,120311.8558,55,164356174.7,0.363176,935982
14/05/2018,81777.22761,58,171659013.5,0.379313,1438210
15/05/2018,77380.49589,47,174077905.4,0.384658,864442
16/05/2018,375082.7179,49,170555237.2,0.376874,1603320
17/05/2018,530644.2371,50,150874185.6,0.333385,986146
18/05/2018,248952.9693,38,147368714.7,0.325639,1256370
19/05/2018,106339.6448,21,158291520.3,0.349775,1211540
20/05/2018,273575.7924,46,161198716.6,0.356199,1704050
21/05/2018,134527.4199,59,177533595.7,0.392294,1874100
22/05/2018,1372030.395,97,168534138.3,0.372408,4132560
23/05/2018,132643.8752,64,188647830.9,0.416853,3711280
24/05/2018,410042.4024,60,180021728.8,0.397792,4393130
25/05/2018,943253.6279,192,195168205.4,0.431261,5247350
26/05/2018,639134.9954,83,223735123.7,0.494385,3540290
27/05/2018,161459.5407,57,198231985.3,0.438031,3393650
28/05/2018,539403.2704,50,204298451.2,0.451436,2658870
29/05/2018,478883.717,63,183204077.2,0.404824,1918540
30/05/2018,62235.37299,25,191650515.7,0.423488,1424480
31/05/2018,253960.527,70,195479562,0.431949,1949630
1/06/2018,110854.421,48,207949643.3,0.459504,1438210
2/06/2018,167624.6098,39,206242615.8,0.455732,1773200
3/06/2018,155339.8545,46,213178434.2,0.471058,2173060
4/06/2018,359408.872,78,227695862.7,0.503137,2648540
5/06/2018,79174.7026,43,221564230.5,0.489588,2895410
6/06/2018,78484.59934,23,227045997.3,0.501701,3113110
7/06/2018,208752.2603,39,214239669.7,0.473403,2509730
8/06/2018,88000.53305,22,214711228.9,0.474445,2534830
9/06/2018,54726.49255,26,202651160.1,0.447796,2346800
10/06/2018,148926.9151,38,191935623.3,0.424118,3671110
11/06/2018,94606.87777,45,154285073,0.340922,2501330
12/06/2018,151672.9139,39,164588787.1,0.36369,2722790
13/06/2018,43344.41976,36,147152847.4,0.325162,2111780
14/06/2018,447446.9144,45,137022009,0.302776,2991460
15/06/2018,138887.2577,55,154724953.8,0.341894,1753570
16/06/2018,101396.3964,35,146210633,0.32308,2115230
17/06/2018,84270.21288,27,150333838,0.332191,2043630
18/06/2018,209137.9329,22,152144953.1,0.336193,2529720
19/06/2018,129210.8585,16,161634977.3,0.357163,2373120
20/06/2018,204757.3924,37,162154960.1,0.358312,2337970
21/06/2018,147599.0958,27,166829826.6,0.368642,2451890
22/06/2018,113568.977,18,167481048.7,0.370081,2859310
23/06/2018,46982.50977,22,144053768.1,0.318314,1980300
24/06/2018,46830.22738,35,144864742.8,0.320106,2643740
25/06/2018,16870.65115,17,137945216.2,0.304816,1604230
26/06/2018,52501.99188,13,143060416.4,0.316119,1786140
27/06/2018,603962.8507,24,133527399.3,0.295054,2524050
28/06/2018,108412.4646,15,140614369.8,0.310714,2412580
29/06/2018,351316.6644,20,137694954.2,0.304263,2192200
30/06/2018,55262.46374,22,144027972.7,0.318257,1749110
1/07/2018,92343.0805,20,150054160.9,0.331573,2126500
2/07/2018,116247.747,52,145853116.5,0.32229,2692000
3/07/2018,13741.39209,22,150613968.5,0.33281,2013080
4/07/2018,61086.82875,26,147192671.9,0.32525,2552560
5/07/2018,58913.19599,23,146881316.4,0.324562,2761710
6/07/2018,2263298.98,50,147332962.9,0.32556,2126030
7/07/2018,139956.379,32,155194704,0.342932,2327770
8/07/2018,3318.41692,13,160581434.8,0.354835,2450490
9/07/2018,30602.20428,25,162748709.1,0.359624,2312410
10/07/2018,217387.7314,15,160858849.7,0.355448,1759950
11/07/2018,32442.10223,26,148778415.6,0.328754,2225110
12/07/2018,9199.241709,19,154356124.3,0.341079,1893900
13/07/2018,21613.04,24,151877042.3,0.335601,1989220
14/07/2018,28549.8998,22,158771225.1,0.350835,2095720
15/07/2018,6087.248146,14,164672056.6,0.363874,2040320
16/07/2018,158192.5439,22,170068291.3,0.375798,3803000
17/07/2018,764632.9419,19,175052703.4,0.386812,2210790
18/07/2018,253136.0865,26,186265141.7,0.411588,2305450
19/07/2018,229134.7406,55,190509178.6,0.420966,2569440
20/07/2018,178131.0183,46,201087138.4,0.44434,2324970
21/07/2018,94736.80795,19,188383993,0.41627,2041310
22/07/2018,67144.80823,33,188522021.5,0.416575,1927870
23/07/2018,43855.86598,32,187837309,0.415062,2262640
24/07/2018,33089.01626,24,192670116.2,0.425741,2084860
25/07/2018,148235.4352,51,216833247.2,0.479134,2110880
26/07/2018,90233.6993,47,211054606,0.466365,2784200
27/07/2018,408403.1838,28,207689878.9,0.45893,2421130
28/07/2018,16385.62212,16,215312218.2,0.475773,2319090
29/07/2018,64640.21835,28,210113749.6,0.464286,2013230
30/07/2018,696699.4357,30,210887614.1,0.465996,1992770
31/07/2018,94394.64601,43,208313948.4,0.460309,2385930
1/08/2018,33098.19988,14,195174541.6,0.431275,2353160
2/08/2018,29060.37156,16,190682054.1,0.421348,2447870
3/08/2018,235438.6472,38,168989405.9,0.373414,1977510
4/08/2018,45702.72027,17,168164403.5,0.371591,2226820
5/08/2018,113885.014,34,161304161.6,0.356432,1799320
6/08/2018,56085.62848,29,164056585.1,0.362514,2953520
7/08/2018,1277357.399,62,160696383.5,0.355089,2937820
8/08/2018,152838.6085,23,151731320.3,0.335279,1793840
9/08/2018,380563.838,25,142023618.7,0.313828,1228310
10/08/2018,292119.6686,24,146885841.9,0.324572,1834740
11/08/2018,25207.08361,31,133246816.5,0.294434,1922140
12/08/2018,14564.12277,20,125552972.9,0.277433,1731000
13/08/2018,305653.3993,36,124507577.3,0.275123,1996190
14/08/2018,75883.04669,43,106882923.6,0.236178,2275280
15/08/2018,15353.14094,18,101418805.4,0.224104,1032980
16/08/2018,185017.3989,22,104840554.6,0.231665,1469840
17/08/2018,4507.21815,11,111791759.9,0.247025,1074960
18/08/2018,25271.60857,17,120443656.1,0.266143,1345710
19/08/2018,1134250.146,29,109866601.6,0.242771,1388190
20/08/2018,498705.3676,26,113611925.2,0.251047,1403500
21/08/2018,3055.27287,11,106893784.5,0.236202,1741770
22/08/2018,6770.715612,12,109299553.5,0.241518,1570430
23/08/2018,355597.3738,16,99638011.67,0.220169,1778550
24/08/2018,38024.87731,20,99836682.68,0.220608,1694420
25/08/2018,5950.50186,5,104762262.9,0.231492,1518760
26/08/2018,612053.9828,32,111022420.4,0.245325,1745980
27/08/2018,807833.1849,32,109810938.1,0.242648,1667160
28/08/2018,30943.80618,41,113795661.8,0.251453,1700110
29/08/2018,700049.0823,26,125795541.1,0.277969,1741090
30/08/2018,18378.72245,12,123569436.1,0.27305,1833010
31/08/2018,363927.128,24,118934847.2,0.262809,1565210
1/09/2018,187345.533,17,122096831,0.269796,1761610
2/09/2018,76657.71638,25,127557780.9,0.281863,1955570
3/09/2018,44310.61658,18,129875301.4,0.286984,1835030
4/09/2018,9101.941695,16,130703019.5,0.288813,1752930
5/09/2018,31828.0027,27,135472469.2,0.299352,1970440
6/09/2018,82500.55994,25,108984577.1,0.240822,1545190
7/09/2018,4282.433575,11,107518760,0.237583,1423980
8/09/2018,4518.586631,10,106079643.5,0.234403,1482780
9/09/2018,20288.34009,15,100358928,0.221762,1550420
10/09/2018,7913.18528,12,101951007.8,0.22528,1434360
11/09/2018,251622.544,16,101183025.5,0.223583,1187930
12/09/2018,962005.2063,31,100039426.1,0.221056,1701760
13/09/2018,147434.7332,18,101114690.5,0.223432,1558040
14/09/2018,1246251.246,27,112624908.4,0.248866,1711470
15/09/2018,8407.11696,11,110632772.5,0.244464,1490550
16/09/2018,31400.39794,5,109514063.6,0.241992,1362750
17/09/2018,51412.76668,36,108713498.1,0.240223,1891790
18/09/2018,241220.7611,34,105820782.7,0.233831,1771830
19/09/2018,35616.27518,19,108845190.8,0.240514,1297260
20/09/2018,423564.732,20,115136574.7,0.254416,1775310
21/09/2018,134775.5982,37,115065975.8,0.25426,1570950
22/09/2018,61681.58535,20,123486618.9,0.272867,1052720
23/09/2018,25100.12786,31,119511851.5,0.264084,1319800
24/09/2018,10597.7061,20,114559118,0.25314,1470550
25/09/2018,292463.6901,12,111785876.3,0.247012,1367630
26/09/2018,35022.31089,17,105416200.9,0.232937,802916
27/09/2018,6147.28876,7,108365937.8,0.239455,1074260
28/09/2018,23992.71941,17,112499098.8,0.248588,1410280
29/09/2018,58018.09753,31,110251271.1,0.243621,965213
30/09/2018,33545.18097,24,111008391.8,0.245294,742063
1/10/2018,1341926.201,96,111694007.7,0.246809,1341090
2/10/2018,67462.24369,19,106785172.4,0.235962,811116
3/10/2018,142028.5897,28,109131656.2,0.241147,754388
4/10/2018,122038.6289,26,101901679.5,0.225171,724857
5/10/2018,26257.24098,18,103947668.1,0.229692,795191
6/10/2018,80020.1435,32,104041799.8,0.2299,662060
7/10/2018,14524.42635,31,103963055.8,0.229726,912332
8/10/2018,51661.63106,30,104336863.7,0.230552,670125
9/10/2018,574744.4647,44,105132450.6,0.23231,910988
10/10/2018,206465.9579,28,99949368.33,0.220857,575936
11/10/2018,305560.7903,38,98609360.67,0.217896,974345
12/10/2018,9766.48464,18,89724851.53,0.198264,608289
13/10/2018,367195.5602,33,94423703.06,0.208647,1553490
14/10/2018,43718.32206,32,84407360.29,0.186514,756191
15/10/2018,202057.4765,20,80004478.54,0.176785,707141
16/10/2018,44171.40626,15,84190588.3,0.186035,820426
17/10/2018,83954.0789,41,90008601.41,0.198891,767724
18/10/2018,6332.770688,23,85132801.92,0.188117,751944
19/10/2018,6546.66284,15,86763348.54,0.19172,472045
20/10/2018,461820.7023,24,89168212.28,0.197034,679040
21/10/2018,7422.940686,10,91022318.71,0.201131,685423
22/10/2018,19909.20181,25,90101375.09,0.199096,713774
23/10/2018,292165.8217,29,93881092.66,0.207448,766917
24/10/2018,31704.36025,12,94929203.72,0.209764,808302
25/10/2018,5189.195772,17,94780766.93,0.209436,590351
26/10/2018,57822.9909,17,94018668.78,0.207752,823535
27/10/2018,59721.3287,16,98986336.64,0.218729,868148
28/10/2018,360244.7705,25,101049070.4,0.223287,1015440
29/10/2018,214815.7972,29,105942067.2,0.234099,893385
30/10/2018,272898.551,47,103195527,0.22803,863127
31/10/2018,296580.3633,23,102851134.2,0.227269,589946
1/11/2018,28864.99925,189,98019232.37,0.216592,632383
2/11/2018,49796.12321,28,96674699.21,0.213621,847255
3/11/2018,10335.97528,13,97830517.27,0.216175,708412
4/11/2018,105770.7496,14,97932794.08,0.216401,677686
5/11/2018,36394.93001,26,99647968.58,0.220191,704463
6/11/2018,47578.35606,44,101748861.6,0.22453,926467
7/11/2018,544968.6018,109,104583957.6,0.231098,947358
8/11/2018,7342.405245,17,110764465.8,0.244755,599539
9/11/2018,42399.4239,20,107103768.9,0.236666,637499
10/11/2018,176804.2298,17,110963588.5,0.245195,875211
11/11/2018,13986.69889,17,110260321.9,0.243641,756991
12/11/2018,67592.9995,31,112719944.6,0.249076,648408
13/11/2018,44308.50086,24,113780727.8,0.25142,802216
14/11/2018,788599.3539,25,115906365.7,0.256117,984920
15/11/2018,36581.32717,25,97390183.88,0.215202,489262
16/11/2018,907713.1899,11,97296505.46,0.214995,479853
17/11/2018,8639.0612,8,94185207.94,0.20812,425978
18/11/2018,9482.985204,11,93514072.66,0.206637,699954
19/11/2018,64837.439,25,101530586.1,0.224351,820849
20/11/2018,85074.99001,21,82408436.67,0.182097,521516
21/11/2018,98878.01955,19,83867465.56,0.185321,677502
22/11/2018,136404.6677,16,90947648.57,0.200966,424458
23/11/2018,38170.65402,12,82610274.85,0.182543,417715
24/11/2018,2959.514064,9,80995115.66,0.178974,499779
25/11/2018,732168.6268,27,76394015.1,0.168807,388811
26/11/2018,57307.38981,12,73625751.51,0.16269,307982
27/11/2018,388846.025,26,69965960.51,0.154603,404598
28/11/2018,94097.52629,10,69229657.55,0.152976,497199
29/11/2018,91741.69651,11,79127691.15,0.174848,369230
30/11/2018,14691.42067,13,79417103.54,0.175487,406859
1/12/2018,95680.57446,22,73259746.53,0.161881,264072
2/12/2018,21635.433,21,74162065.41,0.163875,610053
3/12/2018,95333.4309,14,71222311.44,0.157379,516539
4/12/2018,304774.4394,22,62316362.33,0.1377,404171
5/12/2018,74113.35796,11,65449600.06,0.144623,402641
6/12/2018,17357.63901,14,63658342.25,0.140665,472754
7/12/2018,203568.5146,15,62744565.68,0.138646,417523
8/12/2018,310473.6475,18,62323308.28,0.137715,235750
9/12/2018,54538.0969,22,63328433.18,0.139936,395731
10/12/2018,7918.031002,9,72031064.04,0.159166,329114
11/12/2018,3970.65216,10,67195182.77,0.14848,289308
12/12/2018,82.7742,6,62432892.6,0.137957,322756
13/12/2018,29050.82786,28,64574894.34,0.14269,265142
14/12/2018,77908.62214,17,59170958.1,0.130749,221321
15/12/2018,12793.26016,13,57703926.48,0.127508,228929
16/12/2018,39490.61923,13,57658627.37,0.127408,346809
17/12/2018,11195.02805,16,57279073.24,0.126569,314543
18/12/2018,246937.4604,315,62081654.38,0.137181,411225
19/12/2018,16059.76162,14,63231943.64,0.139723,332335
20/12/2018,122728.0319,13,64736220.5,0.143047,511077
21/12/2018,5846.220224,14,70862328.59,0.156584,431491
22/12/2018,1359.99864,9,63294025.57,0.13986,308374
23/12/2018,4081.600753,8,67807136.94,0.149833,479140
24/12/2018,23269.34769,19,69347024.48,0.153235,510585
25/12/2018,576728.4,11,73062987.43,0.161447,420033
26/12/2018,129391.7365,15,63620428.05,0.140581,413486
27/12/2018,17139.4,22,64262568.51,0.142,287826
28/12/2018,131271.3069,16,58689163.76,0.129685,419603
29/12/2018,118086.4749,90,62760724.98,0.138682,400257
30/12/2018,13762.54042,11,62032856.39,0.137073,205680
31/12/2018,16948.34921,14,61338235.27,0.135538,317447
1/01/2019,31089.84436,23,60451288.52,0.133579,250445
2/01/2019,14610.28811,24,63603191.67,0.140543,338246
3/01/2019,226043.3138,26,68753425.81,0.151924,286217
4/01/2019,251435.7927,17,65666141.32,0.145102,291018
5/01/2019,173297.2719,31,64397971.22,0.142299,168405
6/01/2019,27770.71562,14,62831915.43,0.138839,160026
7/01/2019,4755.642878,6,65657136.1,0.145082,176782
8/01/2019,461189.3686,20,64789000.83,0.143164,401145
9/01/2019,16374.38373,13,56944645.75,0.12583,282588
10/01/2019,6342.651467,15,60624209.4,0.133961,219228
11/01/2019,71911.4245,14,51781537.19,0.114421,217086
12/01/2019,2065.005426,4,52658273.45,0.116358,148519
13/01/2019,5507.282304,9,53091687.12,0.117316,174295
14/01/2019,48046.10849,13,49798485.98,0.110039,155591
15/01/2019,25532.36601,16,52583626.05,0.116193,271791
16/01/2019,100259.1056,13,50063433.03,0.110625,222009
17/01/2019,21685.09352,13,53143307.86,0.11743,183732
18/01/2019,51331.3512,11,54632075.55,0.12072,157815
19/01/2019,2039.518096,8,52996540.15,0.117106,177406
20/01/2019,2102.229372,7,55593230.09,0.122844,151107
21/01/2019,1183.406565,3,53051287.82,0.117227,136740
22/01/2019,8717.040656,16,53171647.84,0.117493,243668
23/01/2019,13127.32341,27,53512038.5,0.118245,354731
24/01/2019,67279.75571,18,55289939.55,0.122174,170500
25/01/2019,14829.1396,14,55157139.07,0.12188,178461
26/01/2019,4531.52764,16,54552879.86,0.120545,170002
27/01/2019,6017.58741,6,55161598.76,0.12189,209435
28/01/2019,87383.93745,20,54316283.55,0.120022,322969
29/01/2019,17850.1657,15,51118286.1,0.112955,269191
30/01/2019,42093.02078,13,50004117.2,0.110494,206113
31/01/2019,16898.03446,17,52026162.32,0.114962,328644
1/02/2019,285998.0291,22,48505238.48,0.107181,158401
2/02/2019,18662.66968,8,48378102.97,0.106901,209430
3/02/2019,25760.60186,7,49410100.69,0.109181,189531
4/02/2019,59785.45254,11,50246413.01,0.111029,190247
5/02/2019,69700.25139,10,50780966.82,0.11221,123001
6/02/2019,39636.61041,22,51713544.68,0.114271,175986
7/02/2019,167757.0127,11,50577083.43,0.11176,148563
8/02/2019,12322.21599,8,50020552.42,0.11053,301159
9/02/2019,4877.935701,7,55690487.99,0.123059,183731
10/02/2019,242769.2118,6,56005026.53,0.123754,166912
11/02/2019,197793.2359,22,55859950.26,0.123433,136165
12/02/2019,8434.11933,6,55168351.23,0.121905,267642
13/02/2019,15627.20491,3,54837451.75,0.121174,168865
14/02/2019,16433.81806,9,53161412.36,0.11747,245187
15/02/2019,21329.62566,6,52636504.19,0.11631,142979
16/02/2019,109909.2497,37,52337779.23,0.11565,174976
17/02/2019,1913.916813,6,52746205.07,0.116553,181909
18/02/2019,64235.69969,18,52835943.84,0.116751,224544
19/02/2019,77581.96513,17,56628719.81,0.125132,513954
20/02/2019,12232.73566,19,59371473.51,0.131192,239419
21/02/2019,1322.432718,2,59148827.4,0.130701,187085
22/02/2019,461.177408,4,57717695.32,0.127538,188557
23/02/2019,44673.86235,14,58427551.74,0.129107,254256
24/02/2019,1995.228624,6,60697895.85,0.134124,183432
25/02/2019,192.465,4,55301987.4,0.1222,153970
26/02/2019,13635.87558,17,56946632.97,0.125834,316737
27/02/2019,3750.15054,4,58061720.98,0.128298,289255
28/02/2019,94295.77188,10,57843172.07,0.127815,266699
1/03/2019,27609.13256,8,57718232.23,0.127539,211831
2/03/2019,488.502616,5,57541075.67,0.127148,145294
3/03/2019,193667.4017,9,58501580.27,0.12927,199218
4/03/2019,216521.4638,12,57594342.59,0.127266,243593
5/03/2019,21461.84672,8,55085306.8,0.121721,270186
6/03/2019,288865.05,12,56275114.66,0.12435,192629
7/03/2019,11670.91711,11,55198348.52,0.121971,315978
8/03/2019,160150.0214,11,54717043.45,0.120908,229640
9/03/2019,508.696768,1,53712406.74,0.118688,299172
10/03/2019,2401.980399,6,54332279.86,0.120057,237075
11/03/2019,3789.390888,12,53214704.01,0.117588,1901148
12/03/2019,19034.49799,10,53374532.71,0.117941,193032
13/03/2019,31539.00249,26,53745611.94,0.118761,304030
14/03/2019,71323.27382,9,54868569.08,0.121242,338064
15/03/2019,18415.24118,10,55061863.24,0.12167,213234
16/03/2019,25114.65784,12,55921590.96,0.123569,267963
17/03/2019,35503.96669,3,57314584.61,0.126647,225043
18/03/2019,90038.90359,18,57626384.64,0.127336,570053
19/03/2019,13982.62701,10,59425663.19,0.131312,241564
20/03/2019,5542.330034,8,59275662.51,0.130981,271400
21/03/2019,45125.07888,22,59671650.61,0.131856,339477
22/03/2019,231503.7818,21,58282553.34,0.128786,212764
23/03/2019,14851.19624,12,58128113.98,0.128445,278020
24/03/2019,4082.23621,8,58302458.2,0.12883,197698
25/03/2019,95578.8603,13,58124166.53,0.128436,333855
26/03/2019,5339.021873,9,56852711.56,0.125627,152490
27/03/2019,9472.853721,11,56873452.33,0.125673,334577
28/03/2019,88983.4244,25,58425306.65,0.129102,426771
29/03/2019,255449.2653,16,56157661.57,0.124091,199744
30/03/2019,2867.844951,8,56667113.12,0.125217,143125
31/03/2019,48595.7992,14,56679455.17,0.125244,202645
1/04/2019,360987.2236,34,57218278.84,0.126435,176305
2/04/2019,56852.10948,21,58061850.81,0.128299,437740
3/04/2019,218037.3423,22,65768584.85,0.145328,277894
4/04/2019,226247.0113,23,66478906.98,0.146898,548510
5/04/2019,61705.10952,14,65020219.63,0.143674,319465
6/04/2019,380425.5742,9,66900850.27,0.14783,378897
7/04/2019,266350.9441,18,64471693.96,0.142462,347050
8/04/2019,23169.85229,14,67091399.39,0.148251,330040
9/04/2019,5517.68903,10,67025621.53,0.148106,300238
10/04/2019,99882.15801,17,65639009.01,0.145042,421049
11/04/2019,76427.71227,11,66506257.02,0.146958,313170
12/04/2019,7676.530176,10,61605037.96,0.136128,248284
13/04/2019,5005.499868,13,61375705.1,0.135621,230458
14/04/2019,33269.8663,16,61106257.48,0.135026,335491
15/04/2019,61085.20954,20,62137788.44,0.137305,321746
16/04/2019,10727.88737,10,59625935.41,0.131755,378261
17/04/2019,127803.0957,21,63106821.8,0.139446,359207
18/04/2019,181860.8765,25,63171121.51,0.139589,373662
19/04/2019,7692.071816,14,64229718.88,0.141928,332825
20/04/2019,32379.01451,7,64453747.35,0.142423,335086
21/04/2019,43703.61708,6,64543204.76,0.14262,192882
22/04/2019,111274.1133,25,62281663.08,0.137623,562920
23/04/2019,114533.5097,35,59315304.2,0.131068,485166
24/04/2019,5702.294313,11,57358034.32,0.126743,400611
25/04/2019,171440.9874,25,57517064.61,0.127095,385441
26/04/2019,106977.7127,23,52299545.71,0.115566,431554
27/04/2019,24585.68156,15,56019419.55,0.123785,242199
28/04/2019,15943.91793,11,57781030.83,0.127678,539869
29/04/2019,222522.0824,24,62966630.47,0.139137,242840
30/04/2019,11902.49669,17,58373624.61,0.128988,345000
1/05/2019,335871.0436,12,59766804.06,0.132066,299417
2/05/2019,22497.97563,12,59569714.71,0.131631,381729
3/05/2019,35527.49063,16,58681973.3,0.129669,265934
4/05/2019,24725.39861,25,62017266.21,0.137039,495964
5/05/2019,2414.133874,14,60699049.49,0.134126,355756
6/05/2019,274718.9746,55,63107591.55,0.139448,341638
7/05/2019,170085.914,15,59811399.41,0.132165,397953
8/05/2019,70007.76676,35,61292808.05,0.135438,487360
9/05/2019,18411.276,17,62395671.39,0.137875,430215
10/05/2019,218262.7084,25,63458384.68,0.140223,374712
11/05/2019,61654.07038,44,64046666.64,0.141523,425081
12/05/2019,94991.3258,19,72876849.64,0.161035,457183
13/05/2019,5751.112056,19,71572975.92,0.158154,732589
14/05/2019,411243.2387,34,76031659.49,0.168006,415184
15/05/2019,174374.3175,42,75013477.48,0.165756,435168
16/05/2019,36988.87864,37,81279738.3,0.179603,417832
17/05/2019,465529.891,26,77713876.06,0.171723,346084
18/05/2019,106552.6442,19,72465222.87,0.160126,355575
19/05/2019,37468.27693,12,72454190.34,0.160101,396583
