time (UTC), time (unix millis), index (BTC), index (USD)
2019-06-01 00:00:57,1559347257174,0.0112849391786082436,96.8156453640308854
2019-05-31 00:00:48,1559260848981,0.0111290408119253045,92.3552507478130025
2019-05-30 00:00:48,1559174448791,0.0113408095560059326,98.4233931672322342
2019-05-29 00:00:52,1559088052486,0.010927203106822915,95.6583454648734062
2019-05-28 00:00:56,1559001656521,0.0108671029087673999,95.8656092830066768
2019-05-27 00:00:25,1558915225595,0.0106107517794678564,92.7980076716225426
2019-05-26 00:00:40,1558828840979,0.0112430037918506281,90.9374754165974224
2019-05-25 00:00:10,1558742410582,0.0112761031569881594,90.4762527012073576
2019-05-24 00:00:53,1558656053031,0.0117211084615128774,92.4274105053219586
2019-05-23 00:00:39,1558569639622,0.0112848388752833893,86.4603962800427013
2019-05-22 00:00:08,1558483208070,0.0114261918509702687,91.0751807819856367
2019-05-21 00:00:01,1558396801893,0.011114735407624244,89.079173743535506
2019-05-20 00:00:36,1558310436040,0.0111530619158764985,91.5662678246292074
2019-05-19 00:00:37,1558224037957,0.011905043809744607,86.8736790263798184
2019-05-18 00:00:03,1558137603170,0.0116445909235845385,86.0775922191219678
2019-05-17 00:00:38,1558051238567,0.0116568220515749551,92.0049790768572677
2019-05-16 00:00:36,1557964836016,0.011555863923244045,94.7803474669183998
2019-05-15 00:00:59,1557878459965,0.0105222078957734073,84.1856962405831979
2019-05-14 00:00:39,1557792039614,0.0102778682491538251,80.3975689447152888
2019-05-13 00:00:44,1557705644048,0.0111178587201617354,77.5182372996097655
2019-05-12 00:00:03,1557619203858,0.0118323656370062785,85.2826673707681238
2019-05-11 00:00:11,1557532811562,0.0116797162744605686,74.1973545699725463
2019-05-10 00:00:57,1557446457468,0.011839816304315777,72.9182347094346142
2019-05-09 00:00:02,1557360002485,0.0125718992032156744,75.0584082164442918
2019-05-08 00:00:44,1557273644825,0.01289867268674234,74.9979348948644571
2019-05-07 00:00:16,1557187216077,0.0132665883976284087,75.9261379583910383
2019-05-06 00:00:24,1557100824424,0.0131053038498306976,75.5113176266645354
2019-05-05 00:00:47,1557014447404,0.0131324832527779951,76.2907737089087448
2019-05-04 00:00:12,1556928012119,0.013601823118801969,77.8922915403644822
2019-05-03 00:00:31,1556841631292,0.0140519249026497817,76.8149063579003695
2019-05-01 00:00:48,1556668848461,0.0145035211545419714,77.0980583667301715
2019-04-30 00:00:48,1556582448622,0.0139260209927077692,72.5055326491073231
2019-04-29 00:00:35,1556496035693,0.0146837624740481492,77.0207445912792537
2019-04-28 00:00:40,1556409640000,0.0148359668036740916,77.2463902282552084
2019-04-27 00:00:44,1556323244952,0.014454222431335045,75.40651905109371
2019-04-26 00:00:26,1556236826935,0.0144748701305125547,74.6509579371923877
2019-04-25 00:00:53,1556150453016,0.0148366558930890756,81.1245099645322938
2019-04-24 00:00:03,1556064003789,0.01588581344891761,88.6436058531754441
2019-04-23 00:00:47,1555977647560,0.0162688097075371907,87.848388126576765
2019-04-22 00:00:09,1555891209883,0.0164417747860876491,87.4395749924907761
2019-04-21 00:00:56,1555804856691,0.0175347817304532944,93.4612670447067444
2019-04-20 00:00:02,1555718402308,0.0169868068171684337,90.0474402147892761
2019-04-19 00:00:44,1555632044902,0.0162825921827285981,86.3196862001165215
2019-04-18 00:00:56,1555545656489,0.0162737057208208399,85.2610789125763233
2019-04-17 00:00:46,1555459246170,0.0160415024683998493,83.8462121218472731
2019-04-15 00:00:21,1555286421878,0.0163817021726705599,84.7880446979242777
2019-04-14 00:00:16,1555200016105,0.0165330826064278291,84.1105896224661223
2019-04-13 00:00:57,1555113657014,0.0165819678548619169,84.5411268423608959
2019-04-12 00:00:33,1555027233719,0.0163504885952775493,82.8690775218426126
2019-04-11 00:00:34,1554940834208,0.0171012688964021914,91.1327672927436794
2019-04-10 00:00:09,1554854409962,0.0171443599321117017,89.3342438522923459
2019-04-09 00:00:20,1554768020139,0.0173622992571051162,92.0976147988011178
2019-04-08 00:00:34,1554681634016,0.0181757691372858299,94.4792338114689585
2019-04-07 00:00:18,1554595218177,0.0183571368046417556,93.0142853352715377
2019-04-04 00:00:35,1554336035813,0.0174034808364482534,86.3949932290336875
2019-04-03 00:00:37,1554249637828,0.0174698058903141537,85.3258604904106051
2019-04-02 00:00:47,1554163247016,0.0186407591416462848,77.2445569302315818
2019-04-01 00:00:14,1554076814205,0.0185216973266300079,75.8881001252768783
2019-03-31 00:00:31,1553990431401,0.0181640470582532521,74.4706653701645109
2019-03-30 00:00:45,1553904045867,0.0181946413019294026,74.6220144238068173
2019-03-29 00:00:38,1553817638760,0.0180075675889969401,72.387814752207845
2019-03-28 00:00:42,1553731242631,0.0176316645499884871,71.1440954660640443
2019-03-27 00:00:09,1553644809051,0.0171982505569430351,67.6147394192006317
2019-03-26 00:00:04,1553558404518,0.0171645266538495572,67.2776883510926211
2019-03-25 00:00:24,1553472024374,0.0175346683153363818,69.8174844293329215
2019-03-24 00:00:25,1553385625106,0.0173621682176503533,69.3122371330701128
2019-03-23 00:00:46,1553299246886,0.0169707500166609189,67.8269938762687019
2019-03-22 00:00:10,1553212810643,0.0167413515985837293,66.8671791924464856
2019-03-21 00:00:43,1553126443445,0.0169622944112968362,68.5083939791390435
2019-03-20 00:00:27,1553040027635,0.0166692161830748788,66.7871192621305738
2019-03-19 00:00:29,1552953629665,0.0166873200646852869,66.2313906155192456
2019-03-18 00:00:45,1552867245010,0.0169236946952237878,67.1516403852742911
2019-03-17 00:00:33,1552780833098,0.0168623465722412998,67.6000314580192168
2019-03-16 00:00:28,1552694428767,0.0172398429000386079,67.3183880165975097
2019-03-15 00:00:58,1552608058469,0.0169774264700609072,65.5858459314775786
2019-03-14 00:00:58,1552521658181,0.0167869400220935529,64.8072641417710429
2019-03-13 00:00:04,1552435204967,0.0166799326186771284,64.432119249089169
2019-03-12 00:00:25,1552348825926,0.0160207605270529241,61.7342355236035729
2019-03-11 00:00:08,1552262408113,0.0162401208140889736,63.2664535180691345
2019-03-10 00:00:10,1552176010783,0.0160536158325039757,62.8796412941788248
2019-03-09 00:00:03,1552089603148,0.0155694275785010529,59.9627914603048424
2019-03-08 00:00:27,1552003227531,0.0154341914963776836,59.7978841099151097
2019-03-07 00:00:01,1551916801256,0.0150380241123049558,58.0274117678327741
2019-03-06 00:00:47,1551830447990,0.0151108116607447177,58.2974453529061591
2019-03-05 00:00:26,1551744026019,0.0150218019974695527,55.8891145575919879
2019-03-04 00:00:16,1551657616409,0.0153153075224234242,58.0398461342367398
2019-03-03 00:00:56,1551571256688,0.0153080952370782866,58.536791929139838
2019-03-02 00:00:27,1551484827387,0.0153265971339069818,58.5545234623861717
2019-03-01 00:00:04,1551398404376,0.0150110372284662213,57.301769913325117
2019-02-28 00:00:56,1551312056349,0.0149554492747327634,57.1433938332122082
2019-02-27 00:00:29,1551225629117,0.0150122636390004026,57.0512006850447051
2019-02-26 00:00:04,1551139204770,0.0146901400160310575,56.2922519321558141
2019-02-25 00:00:10,1551052810850,0.0146467700469985716,55.1231877652306466
2019-02-24 00:00:54,1550966454983,0.0146253471182246943,60.4758410470880534
2019-02-23 00:00:31,1550880031173,0.0146128847059044074,58.1389249427176722
2019-02-22 00:00:08,1550793608088,0.014534760654431076,56.9812566358687107
2019-02-21 00:00:46,1550707246958,0.0146234989060435305,57.9499823080857368
2019-02-19 00:00:08,1550534408118,0.0146391557323348378,57.14932926821362
2019-02-18 00:00:31,1550448031682,0.0148923255142936178,54.4531480219407555
2019-02-17 00:00:23,1550361623837,0.0147496712812983776,53.1423428926252726
2019-02-16 00:00:06,1550275206641,0.0144172032055100065,51.7141777442109856
2019-02-15 00:00:21,1550188821660,0.0142929590243137047,51.3647843642272406
2019-02-14 00:00:21,1550102421274,0.0143021656074248261,51.8826447969745743
2019-02-13 00:00:58,1550016058497,0.0144328949941254243,52.3910091818129047
2019-02-12 00:00:58,1549929658575,0.0143250581485303129,51.9722117225243565
2019-02-11 00:00:57,1549843257143,0.0142493607710928952,52.7594938170439036
2019-02-10 00:00:44,1549756844323,0.0141535765065165086,51.7940429979276402
2019-02-09 00:00:23,1549670423387,0.013998115294546986,51.4043144660022548
2019-02-08 00:00:44,1549584044757,0.014126842714324777,47.8400062845162424
2019-02-07 00:00:45,1549497645021,0.0139224497670271032,47.4709444001180501
2019-02-06 00:00:02,1549411202513,0.0139495074701087695,48.2827695576137046
2019-02-05 00:00:43,1549324843445,0.014264717829884881,49.160535857164767
2019-02-04 00:00:21,1549238421139,0.0143921616707957459,49.8260986354205642
2019-02-03 00:00:46,1549152046152,0.0141857117681064033,50.0252353243474204
2019-02-02 00:00:50,1549065650140,0.0142794049739400006,49.6881328777774556
2019-02-01 00:00:13,1548979213742,0.0143087278418146894,49.2633164749975521
2019-01-31 00:00:09,1548892809263,0.0147901650515440564,51.3328717309017577
2019-01-30 00:00:32,1548806432432,0.014812702914436187,50.6949181689464012
2019-01-29 00:00:17,1548720017887,0.014612560747424095,50.4750061606195928
2019-01-28 00:00:27,1548633627380,0.0149633503407731166,53.3650393258119706
2019-01-27 00:00:34,1548547234061,0.0154785122147567608,55.6532610777663237
2019-01-26 00:00:48,1548460848922,0.0156805859704848942,56.0845760612645989
2019-01-25 00:00:35,1548374435070,0.0158556268863482841,57.1425749539865819
2019-01-24 00:00:36,1548288036876,0.0160619242681264741,57.3649991738438914
2019-01-23 00:00:43,1548201643174,0.016095119648389826,58.1124637629000773
2019-01-22 00:00:00,1548115200283,0.0158496879311915417,56.391447461482116
2019-01-21 00:00:55,1548028855098,0.0157670174908472634,56.1894969896322038
2019-01-20 00:00:49,1547942449983,0.0157162283401679863,58.4434504968550073
2019-01-19 00:00:56,1547856056761,0.0154689278059600074,56.1401557846026478
2019-01-18 00:00:51,1547769651519,0.0155985776841516249,57.1477210212817042
2019-01-17 00:00:58,1547683258957,0.0154397488022110733,56.1215990779512097
2019-01-16 00:00:11,1547596811295,0.0146717853372856678,53.1195606198691763
2019-01-15 00:00:53,1547510453650,0.0147531519298734533,54.5956040259164723
2019-01-14 00:00:14,1547424014953,0.0143963161430819692,51.0703484667794925
2019-01-13 00:00:30,1547337630536,0.0147728102347292854,54.150479578667408
2019-01-12 00:00:13,1547251213761,0.0145910641093025435,53.308007549970867
2019-01-11 00:00:35,1547164835080,0.0143389013162448578,52.55801923624621
2019-01-10 00:00:52,1547078452643,0.0148806181492257394,59.9736825516175998
2019-01-09 00:00:48,1546992048066,0.0146998254082318109,59.2509561205672313
2019-01-08 00:00:07,1546905607977,0.0145869767744982171,58.8049602577891548
2019-01-07 00:00:31,1546819231025,0.0147698971058943061,60.5403662520063079
2019-01-06 00:00:47,1546732847940,0.0149835562609121637,57.7011850486474458
2019-01-05 00:00:01,1546646401420,0.0149350526619463474,57.8828187975034965
2019-01-04 00:00:26,1546560026286,0.0147824197806784331,56.4968470825757407
2019-01-03 00:00:55,1546473655481,0.0148084173371717462,58.5381590056760501
2019-01-02 00:00:55,1546387255699,0.0146869855465130168,56.9763197077987087
2019-01-01 00:00:30,1546300830369,0.0146285709990262944,54.6442465325999223
2018-12-31 00:00:43,1546214443906,0.0148856677032801234,57.8949302583312075
2018-12-30 00:00:22,1546128022250,0.0148745272397891887,56.5187942550892259
2018-12-29 00:00:35,1546041635719,0.0148849291921509669,58.6574361089272429
2018-12-28 00:00:28,1545955228073,0.0145857265622725465,53.0402140156185027
2018-12-27 00:00:25,1545868825246,0.0151670105850130552,58.5607994674334833
2018-12-26 00:00:12,1545782412570,0.0153300894719115843,58.6738537170968826
2018-12-25 00:00:55,1545696055283,0.0158417971047300904,64.6094416322083589
2018-12-24 00:00:06,1545609606355,0.0158111412584326337,63.2490375312583026
2018-12-23 00:00:39,1545523239890,0.015275490070164259,61.6169370727062571
2018-12-22 00:00:22,1545436822582,0.014786939399973234,57.1945025691280264
2018-12-21 00:00:19,1545350419961,0.0152793867943774725,62.3713924515022597
2018-12-20 00:00:24,1545264024814,0.0149420070495678483,55.4343590444669019
2018-12-19 00:00:46,1545177646324,0.0146281525733012695,53.3855735919469936
2018-12-18 00:00:27,1545091227308,0.0140716715974128336,49.82002761453586
2018-12-17 00:00:26,1545004826181,0.0138508034892479634,44.9330091787849781
2018-12-16 00:00:53,1544918453071,0.013728333977848825,44.2909698153482623
2018-12-15 00:00:54,1544832054054,0.0136262353942609993,43.929423524718942
2018-12-14 00:00:04,1544745604653,0.0136198675486741225,44.8564080748430385
2018-12-13 00:00:26,1544659226629,0.0135107182813819574,46.8990389510204508
2018-12-12 00:00:11,1544572811018,0.0133816794287039357,45.3404925866725748
2018-12-11 00:00:11,1544486411076,0.0133972342867907518,46.382473589132772
2018-12-10 00:00:52,1544400052923,0.013737316312553767,49.2259297405963565
2018-12-09 00:00:39,1544313639554,0.0137333429430135847,47.417249276771571
2018-12-08 00:00:24,1544227224444,0.0136578893262216464,46.6420582170597555
2018-12-07 00:00:18,1544140818667,0.0133954968691385352,46.7128439274541805
2018-12-06 00:00:28,1544054428241,0.0143734092649400683,53.6019955370613488
2018-12-05 00:00:05,1543968005565,0.0147898953965157377,58.1328877534903867
2018-12-04 00:00:21,1543881621437,0.0144189325043406948,55.713539536573002
2018-12-03 00:00:00,1543795200492,0.0145295767454705887,59.9293777497988387
2018-12-02 00:00:13,1543708813781,0.0144135167946996077,60.4047522368199878
2018-12-01 00:00:22,1543622422125,0.0142983258375553486,57.2348793071755466
2018-11-30 00:00:50,1543536050401,0.0141321651864593986,60.450013523783916
2018-11-29 00:00:59,1543449659340,0.0142787267996437768,60.7561271759867481
2018-11-28 00:00:52,1543363252652,0.0139283893100437088,53.2384656064290027
2018-11-27 00:00:11,1543276811231,0.0137275232045025123,51.882644069021552
2018-11-26 00:00:11,1543190411613,0.0137179253224273805,54.9705171301563524
2018-11-25 00:00:22,1543104022881,0.0139576323218135127,53.626850979912561
2018-11-24 00:00:50,1543017650225,0.0137854056322803571,59.8953029548367724
2018-11-23 00:00:42,1542931242117,0.0140448064287066483,60.4625746843010248
2018-11-22 00:00:19,1542844819327,0.0141334882679851389,64.9259428135899128
2018-11-21 00:00:49,1542758449626,0.0136577361043440787,60.9855060638072501
2018-11-20 00:00:21,1542672021453,0.0141771964515442616,68.4286801283792983
2018-11-19 00:00:00,1542585600311,0.0147530086658362852,82.6608270999859656
2018-11-18 00:00:52,1542499252581,0.0147518979619334235,81.9537017873936975
2018-11-17 00:00:11,1542412811652,0.0148641242581271024,82.5625683103324661
2018-11-16 00:00:01,1542326401469,0.0149954283406662746,84.7329548965492592
2018-11-15 00:00:09,1542240009324,0.0150557818998188417,86.5864281769430164
2018-11-14 00:00:36,1542153636907,0.0155496672359998166,98.718815206235675
2018-11-13 00:00:01,1542067201901,0.0159235419126902145,101.636233161946009
2018-11-12 00:00:38,1541980838108,0.01604760899074038,102.901564151649779
2018-11-11 00:00:15,1541894415374,0.0163554132359622281,104.335380938767926
2018-11-10 00:00:05,1541808005164,0.0162767967093349585,103.749804410869331
2018-11-09 00:00:19,1541721619698,0.0165164904169875018,106.479183632384419
2018-11-08 00:00:19,1541635219804,0.0168806922816476905,110.287134654912677
2018-11-07 00:00:01,1541548801581,0.0169189544699742261,109.455928339795634
2018-11-06 00:00:22,1541462422176,0.0167132107812687607,107.360674324206485
2018-11-05 00:00:29,1541376029055,0.0168440674425903263,108.69680298102648
2018-11-04 00:00:18,1541289618221,0.0168402415376735573,107.325209712105007
2018-11-03 00:00:50,1541203250944,0.016974197229596439,108.401304953926712
2018-11-02 00:00:30,1541116830668,0.0167441309770587909,106.510400527883249
2018-11-01 00:00:23,1541030423285,0.0166855812687905745,105.729386070407941
2018-10-31 00:00:51,1540944051617,0.0164544200669955905,103.65325579879196
2018-10-30 00:00:50,1540857650664,0.0163306917788273998,103.007920721462554
2018-10-29 00:00:43,1540771243405,0.0168686785327697812,108.994033382355454
2018-10-28 00:00:08,1540684808842,0.0166444104200079677,107.660043252441596
2018-10-27 00:00:07,1540598407294,0.0166024792785743856,107.194092745784275
2018-10-26 00:00:07,1540512007308,0.0165632166045813871,107.012819574728127
2018-10-25 00:00:10,1540425610221,0.0166863732292513965,108.147212738449468
2018-10-24 00:00:21,1540339221164,0.0164356301409201121,106.213571353411865
2018-10-23 00:00:13,1540252813945,0.0164940402504393686,106.835167161111812
2018-10-22 00:00:02,1540166402615,0.0167425302724071197,108.814254860101912
2018-10-21 00:00:06,1540080006568,0.0167341251694236477,108.637474554512337
2018-10-20 00:00:13,1539993613266,0.0165772690238457365,107.041343745452593
2018-10-19 00:00:22,1539907222959,0.0161398990447777814,104.861684444565242
2018-10-18 00:00:01,1539820801842,0.0164052714664988109,107.969206421915104
2018-10-17 00:00:08,1539734408951,0.0157619409346577387,104.01812546422029
2018-10-16 00:00:08,1539648008520,0.0159490837639207905,105.730002294469443
2018-10-15 00:00:20,1539561620165,0.0159220720948541061,99.923312863691109
2018-10-14 00:00:05,1539475205832,0.0159504457926072825,99.8664532949188413
2018-10-13 00:00:30,1539388830109,0.0158257987281095226,98.8233279979120027
2018-10-12 00:00:02,1539302402267,0.0155853947260570242,96.7100541838069745
2018-10-11 00:00:50,1539216050090,0.0170538534132401859,112.19320868088802
2018-10-10 00:00:33,1539129633576,0.0167104665708887254,110.812116971534408
2018-10-09 00:00:21,1539043221848,0.0169721861656011337,112.873863538053669
2018-10-08 00:00:55,1538956855357,0.0167696182399674938,110.781271966502047
2018-10-07 00:00:57,1538870457381,0.0167789323820753573,110.589272172963391
2018-10-06 00:00:05,1538784005500,0.0169993996573192252,112.75480800504296
2018-10-05 00:00:16,1538697616847,0.0166647516152441631,109.665730954437265
2018-10-04 00:00:41,1538611241933,0.0165653248302656542,107.602055273970194
2018-10-03 00:00:02,1538524802160,0.0168509944086884349,109.988294114894359
2018-10-02 00:00:34,1538438434439,0.0168084552054051962,110.852266333303419
2018-10-01 00:00:31,1538352031027,0.0167834898155476454,111.169472830835559
2018-09-30 00:00:43,1538265643519,0.0167618211509125564,110.642267144001153
2018-09-29 00:00:35,1538179235605,0.0165550851177936331,109.80557526419453
2018-09-28 00:00:02,1538092802037,0.0167724654092822473,112.14288414696432
2018-09-27 00:00:09,1538006409075,0.0160834378489719161,103.942755455307775
2018-09-26 00:00:37,1537920037382,0.0161898470900388863,104.211941038458605
2018-09-25 00:00:27,1537833627542,0.0161533401145466868,106.321446167347432
2018-09-24 00:00:09,1537747209051,0.0166227137231618055,111.417561953648317
2018-09-23 00:00:21,1537660821789,0.0161523641357841814,108.46926307016237
2018-09-22 00:00:03,1537574403876,0.0166809534761758749,112.797107834505539
2018-09-21 00:00:36,1537488036299,0.0161871793668012694,105.327709934664512
2018-09-20 00:00:59,1537401659151,0.0156715307254373416,100.333371017545744
2018-09-19 00:00:54,1537315254157,0.0157493288980838538,99.9315392710988135
2018-09-18 00:00:01,1537228801744,0.0153195794115854218,95.923240094053881
2018-09-17 00:00:55,1537142455824,0.0160372295649844794,104.288179393546272
2018-09-16 00:00:45,1537056045874,0.0158297410764792201,103.248219792049596
2018-09-15 00:00:58,1536969658188,0.0155977572719812538,101.135390218808297
2018-09-14 00:00:50,1536883250685,0.0156142403736389858,101.369366072105393
2018-09-13 00:00:42,1536796842435,0.0149464657990409592,94.7523726097302017
2018-09-12 00:00:44,1536710444358,0.0150566970767525895,94.759774753454721
2018-09-11 00:00:23,1536624023083,0.0157616805168481373,99.7042929126469346
2018-09-10 00:00:07,1536537607023,0.0158435804720235308,99.01192118703554
2018-09-09 00:00:55,1536451255436,0.0160292264863408362,99.3856923987293612
2018-09-08 00:00:44,1536364844814,0.0163983084602841826,105.241719968750246
2018-09-07 00:00:01,1536278401582,0.0168896361785335,110.043073350340748
2018-09-06 00:00:14,1536192014970,0.0161941269562142637,108.524455973261212
2018-09-05 00:00:40,1536105640087,0.0180200914440619246,132.783386417458019
2018-09-04 00:00:37,1536019237964,0.0179368606582672487,130.374430431828671
2018-09-03 00:00:38,1535932838061,0.0178453196485978474,130.29528152268287
2018-09-02 00:00:33,1535846433843,0.0185162641779322394,133.381538680451314
2018-09-01 00:00:24,1535760024567,0.017900221938224159,125.772329404544422
2018-08-31 00:00:34,1535673634835,0.0174592341887604453,122.207131850621934
2018-08-30 00:00:20,1535587220549,0.0176854596037510116,124.683728188616882
2018-08-29 00:00:25,1535500825776,0.0182485621332879946,129.408765940105155
2018-08-28 00:00:26,1535414426461,0.0178555075940320454,123.494761392907591
2018-08-27 00:00:45,1535328045310,0.0175432259116634834,117.79328865482799
2018-08-26 00:00:42,1535241642209,0.0172168092125711998,116.189530820050109
2018-08-25 00:00:16,1535155216345,0.0169735933057133213,113.869896730373668
2018-08-24 00:00:34,1535068834315,0.0166596028612760148,108.954302500830963
2018-08-23 00:00:50,1534982450338,0.0164810087460352979,104.944141671079436
2018-08-22 00:00:10,1534896010273,0.0168275387670351051,109.229068615313892
2018-08-21 00:00:34,1534809634268,0.0167353110596960702,104.871994108696015
2018-08-20 00:00:57,1534723257753,0.0176914599890074936,114.988474832152434
2018-08-19 00:00:24,1534636824835,0.0171985587798543678,110.192026030465925
2018-08-18 00:00:50,1534550450756,0.0184482269751607975,121.553522716636962
2018-08-17 00:00:19,1534464019053,0.0159987527650884975,101.141235205391766
2018-08-16 00:00:56,1534377656444,0.0155677233805362521,97.5395708407498887
2018-08-15 00:00:20,1534291220342,0.0153495168432511014,95.1488919982817833
2018-08-14 00:00:12,1534204812467,0.0161204516131418507,100.920475278913244
2018-08-13 00:00:57,1534118457703,0.0177801061823299328,112.382717146652809
2018-08-12 00:00:27,1534032027340,0.0178548255276047563,111.503028323381145
2018-08-11 00:00:33,1533945633355,0.0189985399922660732,116.917395083205264
2018-08-10 00:00:30,1533859230692,0.019634208567927379,128.52513660148125
2018-08-09 00:00:29,1533772829336,0.019329948487829169,121.506703098100019
2018-08-08 00:00:51,1533686451505,0.0206069995500302652,138.48315837611338
2018-08-07 00:00:16,1533600016412,0.0209328157708657155,145.364380542095915
2018-08-06 00:00:05,1533513605199,0.0210361256023406315,148.144600580667657
2018-08-05 00:00:15,1533427215678,0.0204580755128683373,143.533039475263735
2018-08-04 00:00:21,1533340821940,0.0201062978318248264,149.145903497758411
2018-08-03 00:00:26,1533254426909,0.0200646435654895858,151.247483843096148
2018-08-02 00:00:03,1533168003273,0.0211199777766021973,160.77097322949561
2018-08-01 00:00:54,1533081654727,0.0211958302788831029,164.131183514348038
2018-07-31 00:00:24,1532995224263,0.0219428906590023558,179.324543619284725
2018-07-30 00:00:09,1532908809515,0.0224941059248309691,184.847114965772477
2018-07-29 00:00:57,1532822457451,0.0226928991426822955,186.800003227860714
2018-07-28 00:00:09,1532736009823,0.0228556270949537878,187.040167112909074
2018-07-27 00:00:42,1532649642303,0.0229394623530360942,181.995500654153034
2018-07-26 00:00:57,1532563257143,0.0233870965829981181,191.167764566187429
2018-07-25 00:00:01,1532476801092,0.0227794683413204309,191.275095357766219
2018-07-24 00:00:32,1532390432482,0.0242291533457940703,186.981464491695448
2018-07-23 00:00:57,1532304057727,0.0255394078334591074,188.911679621078662
2018-07-22 00:00:55,1532217655166,0.0256512013936721697,189.972027985494293
2018-07-21 00:00:31,1532131231325,0.0251836696365970031,184.694514747838753
2018-07-20 00:00:38,1532044838188,0.0270208656024055922,202.096619682760092
2018-07-19 00:00:43,1531958443151,0.0278831516378793207,205.890864683199197
2018-07-18 00:00:41,1531872041939,0.0285317889719587416,209.081234904403374
2018-07-17 00:00:08,1531785608615,0.0286830126581187478,193.339280972682332
2018-07-16 00:00:52,1531699252076,0.0279879697430180964,178.135310903084701
2018-07-15 00:00:22,1531612822152,0.0275204361746842902,172.51790865696691
2018-07-14 00:00:14,1531526414274,0.0275008045219145777,171.30223635896067
2018-07-13 00:00:24,1531440024979,0.0265776623524102487,165.984411583013639
2018-07-12 00:00:22,1531353622637,0.0271497881878400987,173.618822993009275
2018-07-11 00:00:25,1531267225997,0.0274487040701092769,173.107997088551173
2018-07-10 00:00:24,1531180824088,0.0288613250272487798,192.424514834923343
2018-07-09 00:00:27,1531094427267,0.0299525806748723485,200.896451473470051
2018-07-08 00:00:06,1531008006353,0.029928438477279426,202.236335175674583
2018-07-07 00:00:29,1530921629846,0.0300343761264875303,198.339511345292038
2018-07-06 00:00:17,1530835217274,0.0299978504926904331,196.016154388406818
2018-07-05 00:00:26,1530748826538,0.030490550902998171,200.929071584649591
2018-07-04 00:00:19,1530662419531,0.0296694154663339031,193.144334355977747
2018-07-03 00:00:05,1530576005551,0.0303562733444687656,200.826783314068223
2018-07-02 00:00:19,1530489619688,0.0289700547892887371,183.71157454243928
2018-07-01 00:00:07,1530403207727,0.0283124184749445791,180.796026276377347
2018-06-30 00:00:22,1530316822466,0.0269643336738942356,167.251942122400521
2018-06-29 00:00:02,1530230402779,0.0265067382258208188,155.643590851285978
2018-06-28 00:00:12,1530144012155,0.0271223338646382033,166.573983216384704
2018-06-27 00:00:26,1530057626921,0.0267621037120747869,162.847401087975072
2018-06-26 00:00:26,1529971226018,0.0283662808631376488,177.61943890385723
2018-06-25 00:00:24,1529884824057,0.0270766146736483651,166.675246180430491
2018-06-24 00:00:36,1529798436928,0.028644893372727822,176.794276753940039
2018-06-23 00:00:32,1529712032161,0.0293114979886305548,177.336614636074046
2018-06-22 00:00:53,1529625653409,0.0309136765332556004,207.76061846675492
2018-06-21 00:00:02,1529539202664,0.031382663917163732,212.186664063201647
2018-06-20 00:00:40,1529452840982,0.0321043125062431059,216.3361939958194
2018-06-19 00:00:53,1529366453524,0.0321748951455224363,216.085308801522842
2018-06-18 00:00:29,1529280029378,0.0323937761439562905,209.326637815676918
2018-06-17 00:00:18,1529193618482,0.0327100949592308704,212.715710125575924
2018-06-16 00:00:03,1529107203985,0.0329843862990854414,210.991223839359833
2018-06-15 00:00:49,1529020849469,0.0337237781394794794,224.183199273347981
2018-06-14 00:00:06,1528934406794,0.0327806303303504673,206.858561830340278
2018-06-13 00:00:05,1528848005080,0.0331947373873936191,217.619719101144483
2018-06-12 00:00:19,1528761619530,0.0350218903730746337,241.179298710889668
2018-06-11 00:00:10,1528675210751,0.0347037146702073862,235.076022433050781
2018-06-10 00:00:14,1528588814686,0.0371329717831760456,278.95439525647123
2018-06-09 00:00:11,1528502411393,0.0376092705612834088,286.860198093721863
2018-06-08 00:00:00,1528416000357,0.0380646013555365204,293.107707879997236
2018-06-07 00:00:48,1528329648057,0.0383641870953285169,293.902282709247459
2018-06-06 00:00:35,1528243235973,0.0389697516965036572,297.374667918366697
2018-06-05 00:00:15,1528156815981,0.0388515496368621316,291.565339404795566
2018-06-04 00:00:11,1528070411702,0.040831263823802387,315.206332278521984
2018-06-03 00:00:03,1527984003824,0.0401565291642479658,306.946469799220381
2018-06-02 00:00:23,1527897623067,0.0392414006276494143,295.610964724170913
2018-06-01 00:00:21,1527811221853,0.039980355204160628,299.854663048964937
2018-05-31 00:00:55,1527724855344,0.0388074070512900854,286.822440923520901
2018-05-30 00:00:37,1527638437114,0.0390290437884043481,291.772935262915325
2018-05-29 00:00:46,1527552046503,0.0365162294512051677,260.118978548125881
2018-05-28 00:00:47,1527465647190,0.0388708938725296077,286.244485059430588
2018-05-27 00:00:47,1527379247463,0.0395922606297937352,291.048646728708206
2018-05-26 00:00:11,1527292811171,0.039530380056391097,295.503821858343713
2018-05-25 00:00:29,1527206429218,0.040541251870867448,307.516746991053424
2018-05-24 00:00:08,1527120008194,0.039153388893417497,293.909220601216703
2018-05-23 00:00:12,1527033612532,0.0407663146745406782,325.83822292010899
2018-05-22 00:00:28,1526947228961,0.0422871248153322207,356.023761245245055
2018-05-21 00:00:18,1526860818677,0.0431792501201842607,368.494311280659645
2018-05-20 00:00:08,1526774408549,0.0428696401651463138,353.583647725306946
2018-05-19 00:00:14,1526688014738,0.0428528187472310695,353.510042973407963
2018-05-18 00:00:27,1526601627762,0.0418941731216151136,338.052461752936665
2018-05-17 00:00:22,1526515222460,0.0426120202534085793,355.780540701784219
2018-05-13 00:00:30,1526169630192,0.0432414949875428029,367.062781255904952
2018-05-12 00:00:40,1526083240437,0.0432633635399336802,364.505518932097061
2018-05-11 00:00:39,1525996839451,0.0445800953582269274,402.473558903608534
2018-05-10 00:00:24,1525910424653,0.0468882172796303495,437.102745770688387
2018-05-09 00:00:18,1525824018713,0.0450871943437986464,414.58486768621043
2018-05-08 00:00:25,1525737625902,0.0421823615526932399,395.360511006850288
2018-05-07 00:00:55,1525651255779,0.0419851014937755868,405.092412060663833
2018-05-06 00:00:26,1525564826771,0.0426250521280276962,419.687968254645853
2018-05-05 00:00:43,1525478443442,0.0437508585442804229,424.323389203314434
2018-05-04 00:00:37,1525392037389,0.0436946217431969791,425.662955259224077
2018-05-03 00:00:09,1525305609297,0.0436786738692385157,403.255494336448123
2018-05-02 00:00:17,1525219217750,0.0424344643884337902,385.297298443388911
2018-05-01 00:00:58,1525132858784,0.0411317533738250959,380.314885950264056
2018-04-30 00:00:57,1525046457732,0.0424218263185127606,399.415493991482776
2018-04-29 00:00:43,1524960043418,0.0404950517371281057,378.759532759258718
2018-04-28 00:00:09,1524873609528,0.0379202608699126392,338.958594243105495
2018-04-27 00:00:50,1524787250091,0.0372546096195545406,346.058068756042132
2018-04-26 00:00:33,1524700833493,0.0352453898482650574,312.471880692677189
2018-04-25 00:00:38,1524614438550,0.0362360080250023336,350.266312571678839
2018-04-24 00:00:32,1524528032363,0.0359609697060959757,322.517754857607031
2018-04-23 00:00:28,1524441628187,0.0352943620277572645,311.392979636775124
2018-04-22 00:00:08,1524355208887,0.0338669080752173959,302.633674552900402
2018-04-21 00:00:51,1524268851788,0.0349214152013984092,309.982037320125073
2018-04-20 00:00:06,1524182406033,0.0355603206491652071,295.225693664640971
2018-04-19 00:00:41,1524096041823,0.0341481219079141432,279.736633932565553
2018-04-18 00:00:24,1524009624815,0.033408083057123103,264.627764461286063
2018-04-17 00:00:18,1523923218013,0.0330610272420791759,267.11094922774754
2018-04-16 00:00:23,1523836823496,0.0326849314498229779,273.83729733044737
2018-04-15 00:00:40,1523750440853,0.03199229261621786,256.722472021766407
2018-04-14 00:00:47,1523664047825,0.0318757939145917074,251.773508297915782
2018-04-13 00:00:31,1523577631452,0.0308494011735135631,244.669994141265136
2018-04-12 00:00:33,1523491233957,0.0311457210515674043,217.362249732362727
2018-04-11 00:00:05,1523404805774,0.0300316822489496184,206.349790950290242
2018-04-10 00:00:47,1523318447502,0.0292319654840474015,198.523924150775628
2018-04-09 00:00:07,1523232007884,0.028419823503000062,200.357482110270212
2018-04-08 00:00:55,1523145655392,0.0285385248366312912,197.254859047815103
2018-04-07 00:00:05,1523059205613,0.0284109747642408185,188.502840024270824
2018-04-06 00:00:54,1522972854621,0.0285304962167386086,193.926347664567004
2018-04-05 00:00:41,1522886441948,0.0286500962767867531,195.059596485098325
2018-04-04 00:00:57,1522800057048,0.0292968475764461,217.673233745188412
2018-04-03 00:00:33,1522713633091,0.0278288636329206626,196.942085043816235
2018-04-02 00:00:27,1522627227840,0.0269641088030302123,184.324760289898336
2018-04-01 00:00:19,1522540819151,0.0267115099066291099,185.490601323812001
2018-03-31 00:00:07,1522454407842,0.0269084082723427612,184.43668831662265
2018-03-30 00:00:26,1522368026582,0.0265841441400716284,188.879546590884729
2018-03-29 00:00:28,1522281628790,0.0275219358874034085,219.114791690126737
2018-03-28 00:00:44,1522195244892,0.0274561795885760358,214.263907082309117
2018-03-27 00:00:42,1522108842062,0.0280371721908529159,228.954351827723997
2018-03-26 00:00:19,1522022419165,0.0279565547092068961,236.958639453049273
2018-03-25 00:00:05,1521936005942,0.0276496244402163471,236.316916150618681
2018-03-24 00:00:52,1521849652458,0.0262965141382235923,235.321982754993911
2018-03-23 00:00:20,1521763220897,0.0263726134130274105,230.04936170637464
2018-03-22 00:00:42,1521676842534,0.0259550237648898674,231.380471706150757
2018-03-21 00:00:16,1521590416667,0.0254713226216906376,227.293092701430197
2018-03-20 00:00:34,1521504034856,0.0249339632164553987,214.726553767102757
2018-03-19 00:00:46,1521417646829,0.0245226096249076299,202.3407113109416
2018-03-18 00:00:03,1521331203322,0.0255344213657257707,201.170895976161233
2018-03-17 00:00:53,1521244853371,0.0269078005197416689,222.598277813630489
2018-03-16 00:00:49,1521158449457,0.026543011098001567,220.008914098782469
2018-03-15 00:00:00,1521072000519,0.0270734422052843482,222.405891106612444
2018-03-14 00:00:03,1520985603397,0.0274759259821108007,251.682779107252799
2018-03-13 00:00:47,1520899247887,0.0267770166909894122,244.239595722520249
2018-03-12 00:00:58,1520812858357,0.0266992050667128993,255.108501483985748
2018-03-11 00:00:41,1520726441794,0.02731574827102113,240.125914113479013
2018-03-10 00:00:26,1520640026491,0.0275799531763640179,255.221577099691444
2018-03-09 00:00:06,1520553606162,0.0267276902124065074,249.016009617144732
2018-03-08 00:00:53,1520467253070,0.0275115547769687364,272.437573027697226
2018-03-07 00:00:57,1520380857148,0.0285053133519655236,305.968622138526428
2018-03-06 00:00:11,1520294411012,0.0289279372049801725,330.824229066734006
2018-03-05 00:00:46,1520208046126,0.0290852309192579858,334.942029038464625
2018-03-04 00:00:49,1520121649328,0.0291098072326038196,333.829522755066648
2018-03-03 00:00:44,1520035244344,0.0304231210013828045,336.142325863388464
2018-03-02 00:00:26,1519948826562,0.0307763335012326937,336.394558068523679
2018-03-01 00:00:04,1519862404796,0.030390021661434917,314.057777454467157
2018-02-28 00:00:41,1519776041952,0.0316020878197924987,334.566563434970249
2018-02-27 00:00:23,1519689623386,0.0315352109247093726,325.765351246541968
2018-02-26 00:00:06,1519603206924,0.0326250615296016788,313.566970125153546
2018-02-25 00:00:33,1519516833332,0.0322088334670540682,312.309088653273704
2018-02-24 00:00:34,1519430434870,0.0318923952903485686,324.441018364763067
2018-02-23 00:00:21,1519344021665,0.0302286919961544907,297.543433613508341
2018-02-22 00:00:25,1519257625966,0.030063146386061633,314.985113102641492
2018-02-21 00:00:02,1519171202764,0.0302163074865975448,340.14497337662857
2018-02-20 00:00:25,1519084825766,0.033162363039154194,370.813584536692815
2018-02-19 00:00:25,1518998425488,0.0341021381443950625,354.991663356183494
2018-02-18 00:00:57,1518912057623,0.0348060646439234955,386.109592126032794
2018-02-17 00:00:27,1518825627815,0.0363756865899421827,370.583127244890363
2018-02-16 00:00:03,1518739203107,0.0357800344248929009,359.171077367746648
2018-02-15 00:00:18,1518652818613,0.037537476616001042,356.020818591566467
2018-02-14 00:00:22,1518566422973,0.0366980982564180866,313.649471273041286
2018-02-13 00:00:51,1518480051245,0.0370957337480223928,330.687321795383298
2018-02-12 00:00:21,1518393621771,0.0376840409071389562,304.732750476397314
2018-02-11 00:00:27,1518307227778,0.0388447108207368996,332.99395282811787
2018-02-10 00:00:36,1518220836885,0.0399781734471552561,347.742945658859469
2018-02-09 00:00:07,1518134407653,0.0398267640311538648,328.996551364512413
2018-02-08 00:00:51,1518048051528,0.039284208538619067,298.502629949038521
2018-02-07 00:00:17,1517961617042,0.0393833693501353665,303.397662462637811
2018-02-06 00:00:40,1517875240957,0.0371112110054612754,258.19568388884602
2018-02-05 00:00:47,1517788847202,0.0399770924298067307,329.125405410734345
2018-02-04 00:00:14,1517702414110,0.0426621584531917536,394.662081769878
2018-02-03 00:00:30,1517616030826,0.0413934799750368329,367.355958538858602
2018-02-02 00:00:50,1517529650424,0.0422484961720985611,385.098000003410448
2018-02-01 00:00:11,1517443211836,0.0439779921583495215,449.858358046424144
2018-01-31 00:00:40,1517356840150,0.0437327227626561205,441.969893475044785
2018-01-30 00:00:55,1517270455186,0.0453847986439731704,510.177329276699027
2018-01-29 00:00:28,1517184028214,0.0456609385881201618,537.351166977188655
2018-01-28 00:00:43,1517097643524,0.0456144761459627776,522.807581478383668
2018-01-27 00:00:58,1517011258131,0.045280573696608338,502.767416371447041
2018-01-26 00:00:17,1516924817748,0.04508265303272814,503.725162916293641
2018-01-25 00:00:18,1516838418218,0.0444500006105215395,507.728798473663971
2018-01-24 00:00:18,1516752018294,0.0448673458526977625,487.095161474476811
2018-01-23 00:00:05,1516665605136,0.0438296315786923726,473.863623516716757
2018-01-22 00:00:28,1516579228398,0.044485771014374377,514.003278604516254
2018-01-21 00:00:08,1516492808756,0.0459950682892270243,587.998193305380937
2018-01-20 00:00:06,1516406406676,0.0446890704600756625,514.896744464081394
2018-01-19 00:00:40,1516320040219,0.0432016941117067885,481.695865226942885
2018-01-18 00:00:38,1516233638844,0.0452269599937578856,505.609824284616934
2018-01-17 00:00:36,1516147236819,0.0423408583553886234,478.11466618338261
2018-01-16 00:00:46,1516060846972,0.0482728805512278106,658.848548372988716
2018-01-15 00:00:02,1515974402264,0.0508374110322887679,693.336879629884493
2018-01-14 00:00:11,1515888011788,0.0532037243175103799,757.859386966290231
2018-01-13 00:00:27,1515801627189,0.0529557535737428531,733.46207620051814
2018-01-12 00:00:22,1515715222077,0.0494236248435995992,657.732564836114079
2018-01-11 00:00:30,1515628830191,0.0490506409334488039,732.028822252333953
2018-01-10 00:00:43,1515542443613,0.051559707989270627,747.330640659243386
2018-01-09 00:00:34,1515456034924,0.0504380841020915863,755.114105281664365
2018-01-08 00:00:50,1515369650243,0.0476887065004145058,773.196550860885509
2018-01-07 00:00:25,1515283225749,0.0452104173390608655,776.544978715870911
2018-01-06 00:00:50,1515196850739,0.0407791403213312934,691.098771516117154
2018-01-05 00:00:59,1515110459361,0.0448508902583938593,681.268876704509694
2018-01-04 00:00:24,1515024024010,0.0455833584163261724,690.307998186665259
2018-01-03 00:00:17,1514937617255,0.0421129754686213123,621.67679742484404
2018-01-02 00:00:01,1514851201821,0.0423217236107121253,568.988911260149848
2018-01-01 00:00:42,1514764842178,0.0406316088064385336,562.727466164770476
2017-12-31 00:00:12,1514678412916,0.0383369466455307506,480.420213627401552
2017-12-30 00:00:57,1514592057653,0.036905955819556531,530.029682276817653
2017-12-29 00:00:34,1514505634936,0.0361245039224230083,520.800831883905744
2017-12-28 00:00:17,1514419217745,0.0351696437987538621,542.197737373620726
2017-12-27 00:00:40,1514332840739,0.0359571437294459173,565.828445583869552
2017-12-26 00:00:59,1514246459572,0.040126536730821484,554.836043622945567
2017-12-26 00:00:00,1514246400600,0.0396188954624989154,548.067594191524108
2017-12-25 00:00:54,1514160054259,0.0392125077204342753,542.293296770517827
2017-12-24 00:00:57,1514073657998,0.0368015449995650612,528.514716063203764
2017-12-23 00:00:25,1513987225168,0.0312835117917108635,426.971446513576154
2017-12-22 00:00:42,1513900842280,0.0326533055679465722,511.944728822324237
2017-12-21 00:00:19,1513814419941,0.027706507976476176,456.275760528045453
2017-12-20 00:00:33,1513728033009,0.0233689494101206943,409.140528308969749
2017-12-19 00:00:35,1513641635116,0.021247014516997894,402.947718083558527
2017-12-18 00:00:38,1513555238480,0.018056457587456394,343.868442247550661
2017-12-17 00:00:51,1513468851221,0.0163419344876815122,315.962478674698673
2017-12-16 00:00:50,1513382450419,0.0147644896615147722,259.776618602557335
2017-12-15 00:00:04,1513296004842,0.0153907042468264896,253.5133717480889
2017-12-14 00:00:09,1513209609848,0.0140102111339259292,228.181786900247488
2017-12-13 00:00:51,1513123251590,0.0122895693316534618,209.881265045977813
2017-12-12 00:00:51,1513036851916,0.0113171802492161421,189.376941074678285
2017-12-11 00:00:54,1512950454350,0.0111561414150252412,167.907402910877948
2017-12-10 00:00:27,1512864027717,0.0121842273570886821,180.779574458049069
2017-12-09 00:00:00,1512777600221,0.0114787357736062089,184.548685676007409
2017-12-08 00:00:27,1512691227971,0.0103449077716011289,174.19531573904851
2017-12-07 00:00:15,1512604815864,0.0132686403997503682,182.438099981195677
2017-12-06 00:00:14,1512518414231,0.0159232487946252589,185.762371995465685
2017-12-05 00:00:29,1512432029944,0.015147191081779034,176.141989460773033
2017-12-04 00:00:53,1512345653725,0.0140772216962972742,158.231209627371499
2017-12-03 00:00:02,1512259202749,0.0137016778041052587,149.526135842644607
2017-12-02 00:00:54,1512172854363,0.0129482862371681651,140.592491963171938
2017-12-01 00:00:16,1512086416542,0.0129483724918071468,128.823875855888986
2017-11-30 00:00:21,1512000021919,0.0123781201465256504,121.928692004127484
2017-11-29 00:00:46,1511913646893,0.0143984272381740691,142.657601296015343
2017-11-28 00:00:48,1511827248350,0.0145475533476649207,141.597010278628261
2017-11-28 00:00:46,1511827246955,0.0145475533476649207,141.597010278628261
2017-11-27 00:00:28,1511740828814,0.0142865420380055719,133.108855091460953
2017-11-25 00:00:59,1511568059805,0.0148050076912854562,121.406985071617243
2017-11-25 00:00:00,1511568000448,0.0148089484892149261,121.446261396748028
2017-11-24 00:00:11,1511481611551,0.0147852236004683141,118.473996710552598
2017-11-23 00:00:57,1511395257813,0.0145166066605730351,119.544110683752336
2017-11-22 00:00:24,1511308824804,0.0135431871527804618,109.691419161487019
2017-11-21 00:00:45,1511222445668,0.0130392152492166419,107.476383652430627
2017-11-20 00:00:53,1511136053448,0.0128995675581138371,103.766572355303737
2017-11-19 00:00:34,1511049634163,0.0132223385999399538,102.88222330581678
2017-11-18 00:00:23,1510963223896,0.0127801641892527421,98.3657287236310367
