time,volumeto,txCount,marketcap(USD),close,exchangeVolume(USD),reward
7/03/2015,58153.96224,8,251600,1,58197,0
8/03/2015,17.33126796,2,251600,1,31,0
9/03/2015,15.42279432,5,251600,1,143,0
10/03/2015,49939.93691,23,251600,1,49997,0
11/03/2015,4.04,5,251600,1,49,0
12/03/2015,80423.86284,14,251600,1,80418,0
13/03/2015,550.9835391,8,251600,1,75,0
14/03/2015,34209.76905,16,251600,1,17705,0
15/03/2015,15410.04,11,251600,1,15125,0
16/03/2015,136.9193664,4,251600,1,49632,0
17/03/2015,48.94365316,5,251600,1,4284,0
18/03/2015,40.39855394,7,251600,1,202,0
19/03/2015,5.40496237,4,251600,1,714,0
20/03/2015,0,0,251600,1,133,0
21/03/2015,0,0,251600,1,206,0
22/03/2015,0,0,251600,1,67,0
23/03/2015,15.3562564,5,251600,1,66,0
24/03/2015,1037.738517,28,251600,1,1179,0
25/03/2015,42.911,2,251600,1,92,0
26/03/2015,11.09767372,4,251600,1,2,0
27/03/2015,6.11,2,251600,1,5,0
28/03/2015,38.08825639,10,251600,1,17,0
29/03/2015,22.11131667,8,251600,1,21,0
30/03/2015,471.9810494,5,251600,1,495,0
31/03/2015,2.14,5,251600,1,37,0
1/04/2015,12850,2,251600,1,14,0
2/04/2015,7.78617304,9,251600,1,79970,0
3/04/2015,20484.80231,16,251600,1,8887,0
4/04/2015,194.1,3,251600,1,2018,0
5/04/2015,750,1,251600,1,2887,0
6/04/2015,504.33,7,251600,1,254,0
7/04/2015,0.00201,3,251600,1,19179,0
8/04/2015,922.6709654,8,251600,1,1024,0
9/04/2015,80.03807513,14,251600,1,100949,0
10/04/2015,4.311,6,251600,1,470,0
11/04/2015,2.62349022,3,251600,1,2869,0
12/04/2015,1.01,1,251600,1,1971,0
13/04/2015,13.77549731,11,251600,1,46026,0
14/04/2015,48.36146355,19,251600,1,50324,0
15/04/2015,1313.146886,15,251600,1,40700,0
16/04/2015,1357.164298,41,251600,1,46909,0
17/04/2015,87.11450781,24,251600,1,50,0
18/04/2015,6.3,10,251600,1,49,0
19/04/2015,18.2236608,82,251600,1,22,0
20/04/2015,73.05369017,16,251600,1,38,0
21/04/2015,21.66978593,7,251600,1,85933,0
22/04/2015,12189.20202,11,251600,1,40306,0
23/04/2015,1563.472096,8,251600,1,21632,0
24/04/2015,12185.07788,16,251600,1,20262,0
25/04/2015,256.01,7,251600,1,26,0
26/04/2015,0,0,251600,1,555,0
27/04/2015,20343.65012,22,251600,1,17806,0
28/04/2015,25413.34542,22,251600,1,42628,0
29/04/2015,32.98885957,9,251600,1,12,0
30/04/2015,235.4963478,10,251600,1,613,0
1/05/2015,2.971476,2,251600,1,48,0
2/05/2015,1,1,251600,1,4,0
3/05/2015,1425.071153,5,251600,1,1518,0
4/05/2015,11.15806422,7,251600,1,83171,0
5/05/2015,54.09873936,5,251600,1,21,0
6/05/2015,12.47787934,7,251600,1,10,0
7/05/2015,121.345414,4,251600,1,120,0
8/05/2015,1287.897318,9,251600,1,546,0
9/05/2015,124.0809992,11,251600,1,171,0
10/05/2015,4934.047343,15,251600,1,2466,0
11/05/2015,1115.8,8,251600,1,584,0
12/05/2015,2,4,251600,1,5,0
13/05/2015,1689.106638,11,251600,1,0,0
14/05/2015,4827.240055,16,251600,1,2185,0
15/05/2015,122.596697,13,251600,1,92,0
16/05/2015,179.6,2,251600,1,297,0
17/05/2015,632.6973497,11,251600,1,683,0
18/05/2015,215175.0827,9,451600,1,31,200000
19/05/2015,33698.95955,49,451600,1,25359,0
20/05/2015,655.3612324,15,451600,1,21979,0
21/05/2015,47934.07475,24,451600,1,53849,0
22/05/2015,1614.055004,4,451600,1,20209,0
23/05/2015,547202.8544,14,451600,1,30,0
24/05/2015,5349.046896,9,451600,1,5382,0
25/05/2015,413215.0141,23,451600,1,2846,0
26/05/2015,2944.711809,15,451600,1,1244,0
27/05/2015,125053.0402,4,451600,1,28002,0
28/05/2015,25793.06343,29,451600,1,70612,0
29/05/2015,50207.37621,27,451600,1,16640,0
30/05/2015,21722.80252,40,451600,1,12448,0
31/05/2015,2740.056096,19,451600,1,2522,0
1/06/2015,7651.381603,16,451600,1,40887,0
2/06/2015,27109.66829,47,451600,1,75456,0
3/06/2015,16328.27139,8,451600,1,24994,0
4/06/2015,3116.971284,15,451600,1,152,0
5/06/2015,8.99112683,5,451600,1,22,0
6/06/2015,0,0,451600,1,30,0
7/06/2015,1894.341547,15,451600,1,1547,0
8/06/2015,1241.532677,6,451600,1,126,0
9/06/2015,1393.573349,7,451600,1,323,0
10/06/2015,66849.68264,16,451600,1,45551,0
11/06/2015,158.0281563,5,451600,1,50162,0
12/06/2015,12052.33987,7,451600,1,41981,0
13/06/2015,1576.939923,3,451600,1,1636,0
14/06/2015,1342.966633,7,451600,1,1349,0
15/06/2015,19675.82342,14,451600,1,262077,0
16/06/2015,25482.86,24,451600,1,204282,0
17/06/2015,10826.4666,23,451600,1,7822,0
18/06/2015,3150.083848,17,451600,1,33804,0
19/06/2015,7145.253565,19,451600,1,10983,0
20/06/2015,2060,5,451600,1,2424,0
21/06/2015,170.566489,3,451600,1,371,0
22/06/2015,123.1650886,1,451600,1,404,0
23/06/2015,44.06,10,451600,1,19973,0
24/06/2015,501252.1323,27,451600,1,633456,0
25/06/2015,61155,27,451600,1,63845,0
26/06/2015,4462.467478,22,451600,1,3129,0
27/06/2015,52.60057692,7,451600,1,668536,0
28/06/2015,351.0403396,4,451600,1,409,0
29/06/2015,410.3826103,7,451600,1,3121,0
30/06/2015,1827.399961,12,451600,1,472575,0
1/07/2015,41483.20851,19,451600,1,110325,0
2/07/2015,5150.630421,13,451600,1,1436,0
3/07/2015,5009.815752,2,451600,1,14061,0
4/07/2015,74.87668128,15,451600,1,100,0
5/07/2015,7239.976247,14,451600,1,8107,0
6/07/2015,2456.581757,10,451600,1,652389,0
7/07/2015,12750.00294,7,451600,1,34946,0
8/07/2015,7677.470957,13,451600,1,1633,0
9/07/2015,5807.52,12,451600,1,516,0
10/07/2015,21.26404214,13,451600,1,1065,0
11/07/2015,2093.75933,9,451600,1,1622,0
12/07/2015,505,2,451600,1,3187,0
13/07/2015,4548.088021,12,451600,1,242557,0
14/07/2015,64228.31217,30,451600,1,31442,0
15/07/2015,1624.500383,5,451600,1,1132,0
16/07/2015,89819.38245,25,451600,1,33532,0
17/07/2015,61993.90094,32,451600,1,665897,0
18/07/2015,5008.033898,11,451600,1,50532,0
19/07/2015,2200,2,451600,1,2709,0
20/07/2015,178.7536874,7,451600,1,659,0
21/07/2015,6689.305111,6,451600,1,5796,0
22/07/2015,582.7130853,11,451600,1,507,0
23/07/2015,14842.5,10,451600,1,4234,0
24/07/2015,38882.24681,29,451600,1,32140,0
25/07/2015,296.5926073,9,451600,1,521,0
26/07/2015,296.7835018,9,451600,1,25,0
27/07/2015,12660.75021,27,451600,1,2251,0
28/07/2015,3342.074058,14,451600,1,50303,0
29/07/2015,402092.5168,9,451600,1,404935,0
30/07/2015,624.49,3,451600,1,28285,0
31/07/2015,8212.13,2,451600,1,110,0
1/08/2015,220.2,3,451600,1,1766,0
2/08/2015,4341.748821,7,451600,1,4443,0
3/08/2015,1467.406518,12,451600,1,258279,0
4/08/2015,3695,2,451600,1,4182,0
5/08/2015,12331.84595,18,451600,1,11013,0
6/08/2015,18246.51699,23,451600,1,15979,0
7/08/2015,280003.0509,19,451600,1,189055,0
8/08/2015,129.5799953,7,451600,1,2229,0
9/08/2015,73300.24349,24,451600,1,657,0
10/08/2015,82941.84153,19,451600,1,152265,0
11/08/2015,16846.6258,21,451600,1,526,0
12/08/2015,6963.13703,25,451600,1,1602,0
13/08/2015,83.92,3,451600,1,1521,0
14/08/2015,4926.848023,14,451600,1,2346,0
15/08/2015,745.661963,18,451600,1,4232,0
16/08/2015,383.435651,18,451600,1,1644,0
17/08/2015,43131.99243,15,451600,1,20942,0
18/08/2015,36109.82722,38,451600,1,65246,0
19/08/2015,242771.8522,77,451600,1,157207,0
20/08/2015,4916.431763,13,451600,1,2841,0
21/08/2015,4900.500119,7,451600,1,5957,0
22/08/2015,100.6600861,5,451600,1,1296,0
23/08/2015,34.4532417,5,451600,1,2275,0
24/08/2015,1584.195604,6,451600,1,73637,0
25/08/2015,417127.86,30,451600,1,433444,0
26/08/2015,129150.5362,7,451600,1,1643,0
27/08/2015,1639.148861,5,451600,1,2446,0
28/08/2015,6739.107631,14,451600,1,6213,0
29/08/2015,2193.738403,11,451600,1,1207,0
30/08/2015,470.3678304,40,451600,1,3319,0
31/08/2015,9924.714681,47,451600,1,7022,0
1/09/2015,4283.100292,16,451600,1,6136,0
2/09/2015,518.4110877,22,451600,1,1710,0
3/09/2015,696.374092,26,451600,1,890,0
4/09/2015,170.4224964,17,451600,1,672,0
5/09/2015,14015.12055,51,451600,1,13467,0
6/09/2015,23227.94516,35,451600,1,17951,0
7/09/2015,19324.15243,29,451600,1,22316,0
8/09/2015,3063.073467,24,451600,1,2963,0
9/09/2015,100827.5379,632,451600,1,106307,0
10/09/2015,10001.02113,209,451600,1,9265,0
11/09/2015,53204.04593,18,451600,1,29213,0
12/09/2015,6718,9,451600,1,4331,0
13/09/2015,118.8643733,6,451600,1,696,0
14/09/2015,16374.14681,63,451600,1,228,0
15/09/2015,71785.54698,32,451600,1,71982,0
16/09/2015,130657.478,27,451600,1,52821,0
17/09/2015,77955.41063,29,451600,1,28268,0
18/09/2015,23159.62181,19,451600,1,15624,0
19/09/2015,1052.104491,7,451600,1,821,0
20/09/2015,39,2,451600,1,112,0
21/09/2015,10061.97555,13,451600,1,9470,0
22/09/2015,21791.63458,39,451600,1,19998,0
23/09/2015,1011.811815,33,451600,1,5751,0
24/09/2015,102264.1233,19,451600,1,103489,0
25/09/2015,216.4042847,31,451600,1,608,0
26/09/2015,3758.855746,7,451600,1,528,0
27/09/2015,0.05626672,4,451600,1,1998,0
28/09/2015,406418.81,18,451600,1,394927,0
29/09/2015,413900.4813,36,451600,1,419071,0
30/09/2015,143549.778,21,451600,1,142982,0
1/10/2015,179093.847,10,451600,1,178994,0
2/10/2015,13070.76148,12,451600,1,14619,0
3/10/2015,369769.3145,18,451600,1,368077,0
4/10/2015,70572.6357,10,451600,1,3459,0
5/10/2015,19430.57844,18,451600,1,17654,0
6/10/2015,52627.25678,36,451600,1,55914,0
7/10/2015,9019.851828,31,451600,1,8055,0
8/10/2015,2744.746482,43,451600,1,5197,0
9/10/2015,57565.82766,18,451600,1,1830,0
10/10/2015,128339.37,10,451600,1,117,0
11/10/2015,23476.93344,7,451600,1,47946,0
12/10/2015,57078.5846,77,451600,1,25978,0
13/10/2015,137401.9716,45,451600,1,122426,0
14/10/2015,10672.82408,20,451600,1,10378,0
15/10/2015,105036.3313,86,451600,1,98815,0
16/10/2015,49129.23571,46,451600,1,37796,0
17/10/2015,4255.827796,25,451600,1,3697,0
18/10/2015,4454.459232,31,451600,1,3108,0
19/10/2015,3949.4,8,451600,1,6589,0
20/10/2015,40811.17825,37,451600,1,30335,0
21/10/2015,22586.99746,24,451600,1,42472,0
22/10/2015,136362.2675,41,451600,1,76061,0
23/10/2015,181614.0835,44,451600,1,115132,0
24/10/2015,106246.7321,44,451600,1,73679,0
25/10/2015,162936.6914,51,451600,1,191596,0
26/10/2015,38583.88396,37,451600,1,40692,0
27/10/2015,57661.63074,75,451600,1,51400,0
28/10/2015,67468.0068,68,451600,1,64488,0
29/10/2015,223216.3435,67,451600,1,227491,0
30/10/2015,230282.4113,86,451600,1,26909,0
31/10/2015,35748.82022,76,451600,1,26367,0
1/11/2015,7350.793416,47,451600,1,4506,0
2/11/2015,291428.7191,131,451600,1,15845,0
3/11/2015,47861.78898,177,451600,1,90103,0
4/11/2015,158757.6607,193,451600,1,181021,0
5/11/2015,236831.9278,153,451600,1,226537,0
6/11/2015,363002.0887,139,451600,1,372540,0
7/11/2015,665849.3742,98,451600,1,999501,0
8/11/2015,12467.16707,49,451600,1,143097,0
9/11/2015,40012.39089,81,451600,1,18568,0
10/11/2015,567875.4743,28,451600,1,14722,0
11/11/2015,1752963.118,37,451600,1,34324,0
12/11/2015,38528.21658,44,451600,1,34994,0
13/11/2015,65183.84712,51,451600,1,49617,0
14/11/2015,30865.51786,29,451600,1,28995,0
15/11/2015,7264.642568,20,451600,1,33393,0
16/11/2015,9159.695388,9,451600,1,10553,0
17/11/2015,18573.77208,10,451600,1,25693,0
18/11/2015,2088.068566,22,451600,1,6058,0
19/11/2015,15836.01918,40,451600,1,18891,0
20/11/2015,19628.35224,38,451600,1,10003,0
21/11/2015,3899.69592,15,451600,1,6456,0
22/11/2015,2802.774859,21,451600,1,5443,0
23/11/2015,29363.58199,11,451600,1,25499,0
24/11/2015,6900.897529,13,451600,1,11121,0
25/11/2015,1493.13,15,451600,1,6875,0
26/11/2015,11735.58132,54,451600,1,20800,0
27/11/2015,12620.58257,40,451600,1,8253,0
28/11/2015,16187.69603,18,451600,1,22508,0
29/11/2015,105847.12,7,451600,1,134696,0
30/11/2015,413740.7539,33,451600,1,659724,0
1/12/2015,572995.9242,33,951599.6612,1,129772,500000
2/12/2015,250237.9727,34,951594.2904,0.999994,195747,0
3/12/2015,267947.7,26,951600,1,141337,0
4/12/2015,6171.631077,15,951600,1,7738,0
5/12/2015,4554.803144,11,951600,1,21568,0
6/12/2015,217621.4454,71,951600,1,220143,0
7/12/2015,4296.990525,45,951600,1,11224,0
8/12/2015,640807.3128,53,951752,1,9504,0
9/12/2015,1024343.03,105,951676,1,17421,0
10/12/2015,21350.503,41,951600,1,23195,0
11/12/2015,146317.7851,40,951600,1,102209,0
12/12/2015,23657.56254,80,951600,1,39261,0
13/12/2015,13154.38685,58,951600,1,13796,0
14/12/2015,4475.173653,68,951600,1,8173,0
15/12/2015,1110783.779,78,951600,1,22210,0
16/12/2015,212630.8454,82,951600,1,143155,0
17/12/2015,1512069.199,32,951600,1,2226,0
18/12/2015,1382267.783,71,951600,1,6493,0
19/12/2015,14582.6601,62,951600,1,23202,0
20/12/2015,3814.776537,26,951600,1,16100,0
21/12/2015,8974.341404,29,951600.4177,1,18913,0
22/12/2015,1533946.371,35,951470.9508,0.999864,10915,0
23/12/2015,527216.1054,35,951414.438,0.999805,66711,0
24/12/2015,164329.6266,47,951600,1,91078,0
25/12/2015,618007.9469,45,951600,1,618112,0
26/12/2015,7732.432292,19,951600,1,15305,0
27/12/2015,25348.55313,21,951600,1,26317,0
28/12/2015,158066.1156,23,951600,1,82323,0
29/12/2015,18856.08921,65,951600,1,14115,0
30/12/2015,257798.6614,25,951600,1,7389,0
31/12/2015,7469.653791,24,951600,1,6995,0
1/01/2016,4095.227022,28,951600,1,4876,0
2/01/2016,2075.799603,92,951600,1,4701,0
3/01/2016,410.9043558,497,951600,1,1389,0
4/01/2016,163693.158,1564,951600,1,81182,0
5/01/2016,1581.941165,52,951838,1,1350,0
6/01/2016,1061117.811,28,1451600,1,541019,500000
7/01/2016,856329.2654,73,1451600,1,25544,0
8/01/2016,20355.39869,44,1451600,1,13420,0
9/01/2016,2168.811269,18,1451600,1,3359,0
10/01/2016,66943.95556,33,1451600,1,66196,0
11/01/2016,315639.7437,34,1451600,1,118900,0
12/01/2016,2051.220637,28,1451600,1,11714,0
13/01/2016,364136.3686,25,1452253,1,9873,0
14/01/2016,22990.62366,26,1451600,1,20292,0
15/01/2016,172739.0645,26,1451600,1,95995,0
16/01/2016,65751.76907,43,1452195,1,74254,0
17/01/2016,5258.524259,26,1451600,1,17361,0
18/01/2016,141385.0935,71,1451600,1,160834,0
19/01/2016,2733444.034,36,1451600,1,9857,0
20/01/2016,1282746.69,39,1451600,1,17069,0
21/01/2016,29388.95847,50,1451600,1,35772,0
22/01/2016,968254.1918,39,1451702,1,26682,0
23/01/2016,14178.87016,32,1451818,1,28438,0
24/01/2016,8726.170155,20,1451615,1,21139,0
25/01/2016,17008.029,42,1451615,1,44570,0
26/01/2016,82640.20272,18,1451600,1,69162,0
27/01/2016,19464.10959,48,1451600,1,37598,0
28/01/2016,303640.1264,52,1451600.452,1,155498,0
29/01/2016,81974.54152,39,1451598.484,0.999999,73399,0
30/01/2016,5160.749162,10,1451568.065,0.999978,6307,0
31/01/2016,3133.771265,16,1451600.452,1,10385,0
1/02/2016,59413.45885,30,1451598.548,0.999999,76317,0
2/02/2016,705968.7928,22,1451555,0.999969,7113,0
3/02/2016,208393.9999,58,1451600,1,104733,0
4/02/2016,210878.9791,53,1451600,1,150392,0
5/02/2016,225801.9859,31,1451600,1,97341,0
6/02/2016,709855.8777,32,1451600,1,715070,0
7/02/2016,13340.8765,29,1451600,1,27176,0
8/02/2016,37698.91429,30,1451600,1,36002,0
9/02/2016,11668.43192,21,1451600,1,36351,0
10/02/2016,55584.98677,63,1451600,1,125936,0
11/02/2016,32186.11774,50,1451600,1,65354,0
12/02/2016,301608.7533,110,1451600,1,407856,0
13/02/2016,27296.7948,67,1451600,1,98085,0
14/02/2016,25414.51663,62,1452892,1,52365,0
15/02/2016,56517.2136,73,1451615,1,95454,0
16/02/2016,18102.78752,30,1451615,1,58641,0
17/02/2016,268097.0936,99,1451600,1,169298,0
18/02/2016,47982.92002,60,1451600,1,71827,0
19/02/2016,26786.58992,40,1451600,1,50866,0
20/02/2016,30640.87076,61,1451600,1,57051,0
21/02/2016,28478.71279,93,1451600,1,55018,0
22/02/2016,19443.5455,55,1451600,1,46520,0
23/02/2016,32252.3437,56,1451600,1,107259,0
24/02/2016,29778.2209,66,1451600.45,1,85160,0
25/02/2016,496945.2346,195,1451373.55,0.999844,433922,0
26/02/2016,111925.4674,82,1451600,1,102891,0
27/02/2016,73924.8566,61,1451600,1,96721,0
28/02/2016,45114.49877,57,1451600,1,114084,0
29/02/2016,68167.57044,49,1451629,1,77532,0
1/03/2016,336111.0741,70,1451600.064,1,143221,0
2/03/2016,36529.32898,65,1451587.096,0.999991,61533,0
3/03/2016,64503.24376,55,1451543.839,0.999961,179492,0
4/03/2016,29095.30106,76,1451598.548,0.999999,150575,0
5/03/2016,184693.0733,131,1451600,1,354905,0
6/03/2016,81931.04532,107,1451599.903,1,279531,0
7/03/2016,44788.47233,22,1451597,0.999998,143086,0
8/03/2016,57789.20395,22,1451597.097,0.999998,144215,0
9/03/2016,38036.0508,30,1451600.418,1,158280,0
10/03/2016,29260.98514,38,1451447.292,0.999895,126353,0
11/03/2016,39305.54045,32,1451591.548,0.999994,92528,0
12/03/2016,22670.33378,23,1451593.16,0.999995,253278,0
13/03/2016,20668.01138,46,1451449.065,0.999896,209067,0
14/03/2016,51931.27016,81,1451479.227,0.999917,369834,0
15/03/2016,40016.02454,61,1451591.29,0.999994,72352,0
16/03/2016,18876.6,29,1451600,1,74773,0
17/03/2016,70527.2251,54,1451599.677,1,219091,0
18/03/2016,66995.43851,41,1451571.226,0.999983,326978,0
19/03/2016,66359.7054,31,1451593,0.999998,119685,0
20/03/2016,16719.02274,20,1451588,0.999998,82858,0
21/03/2016,85980.68958,48,1451588.548,0.999998,188116,0
22/03/2016,44456.68268,39,1451590,0.999999,118249,0
23/03/2016,74476.04152,25,1451590,0.999999,82970,0
24/03/2016,32886.56726,40,1451589.193,0.999999,108214,0
25/03/2016,13641.056,18,1451551.807,0.999973,32068,0
26/03/2016,12678.8378,22,1451591,1,43612,0
27/03/2016,64869.20147,48,1451591,1,111330,0
28/03/2016,39133.25478,44,1451591,1,112757,0
29/03/2016,943172.2462,56,1451591,1,1042210,0
30/03/2016,79819.79733,38,1451591,1,204201,0
31/03/2016,128172.8744,49,1451591,1,147747,0
1/04/2016,122585.3824,45,1451591,1,50033,0
2/04/2016,124117.7107,23,1451591,1,103658,0
3/04/2016,51871.29913,80,1451591,1,99267,0
4/04/2016,532874.9962,98,1451591,1,486533,0
5/04/2016,59443.66205,26,1451591,1,115498,0
6/04/2016,56311.82377,50,1451620,1,82048,0
7/04/2016,6230.538298,17,1451620,1,44185,0
8/04/2016,353469.9787,25,1451591,1,441626,0
9/04/2016,24103.87834,63,1451591,1,117876,0
10/04/2016,4193.426479,29,1451591,1,173469,0
11/04/2016,10009.52717,38,1451590.771,1,38497,0
12/04/2016,342049.4497,49,1451367.455,0.999846,430502,0
13/04/2016,163286.8224,41,1451591,1,173569,0
14/04/2016,417958.4543,39,1451591,1,349208,0
15/04/2016,66130.98132,19,1451591,1,79197,0
16/04/2016,51439.37503,17,1451591,1,66411,0
17/04/2016,27361.37221,39,1451591,1,121920,0
18/04/2016,229555.5141,35,1451591,1,160979,0
19/04/2016,78315.25517,27,1451591,1,116370,0
20/04/2016,73474.15519,42,1451591,1,103226,0
21/04/2016,203689.9768,65,1451591,1,278840,0
22/04/2016,158854.6106,62,1451591,1,143608,0
23/04/2016,502151.8509,31,1451591,1,512936,0
24/04/2016,42019.07652,23,1451591,1,68016,0
25/04/2016,367369.1543,57,1451591,1,298864,0
26/04/2016,503331.0875,48,1451591,1,515109,0
27/04/2016,1012492.759,39,1451591,1,481952,0
28/04/2016,576895.7426,70,1951591,1,544476,500000
29/04/2016,187019.2771,51,1951591,1,146006,0
30/04/2016,534424.8873,81,1951591,1,454278,0
1/05/2016,20638.76152,33,1951591,1,49006,0
2/05/2016,92171.67392,52,1951591,1,193440,0
3/05/2016,422976.6683,27,1951591,1,408428,0
4/05/2016,300432.3856,24,1951591,1,215176,0
5/05/2016,1200700.369,33,1951591,1,753773,0
6/05/2016,2697793.765,47,1951591,1,2747610,0
7/05/2016,34305.71699,41,1951591,1,73083,0
8/05/2016,45545.17353,16,1951591,1,80059,0
9/05/2016,397959.2986,27,1951591,1,324466,0
10/05/2016,6493842.603,51,1951591,1,6102180,0
11/05/2016,231174.029,27,1951591,1,270254,0
12/05/2016,356506.9779,25,1951591,1,168513,0
13/05/2016,4384.477892,21,1957953,1,62149,0
14/05/2016,3074.732278,4,1958578,1,61320,0
15/05/2016,164492.739,26,1951591,1,219450,0
16/05/2016,1017157.869,16,1951591,1,567230,0
17/05/2016,136225.456,27,1951591,1,178706,0
18/05/2016,192796.064,71,1951591,1,229307,0
19/05/2016,251927.7157,56,1951591,1,329926,0
20/05/2016,210854.088,112,1951591,1,261677,0
21/05/2016,112925.9239,121,1951591,1,167338,0
22/05/2016,8204.120209,42,1951591,1,104196,0
23/05/2016,293813.8314,89,1951591,1,190548,0
24/05/2016,214697.9013,56,1951630,1,153609,0
25/05/2016,154644.1479,45,1951591,1,209870,0
26/05/2016,5704808.616,60,1951591,1,5707670,0
27/05/2016,509396.7247,164,1951591,1,707718,0
28/05/2016,317450.2687,292,1951591,1,613257,0
29/05/2016,1775536.407,292,1951591,1,705697,0
30/05/2016,606096.233,198,1951591,1,422532,0
31/05/2016,189224.6768,198,1951591,1,2580270,0
1/06/2016,1270324.174,256,2951591,1,1030660,1000000
2/06/2016,203375.4182,119,2951591,1,223416,0
3/06/2016,5068283.234,197,2951591,1,2459760,0
4/06/2016,110700.3883,73,2951591,1,438311,0
5/06/2016,237055.9273,52,2951591,1,139775,0
6/06/2016,725021.3642,98,2951591,1,792495,0
7/06/2016,107273.9318,107,2951591,1,295779,0
8/06/2016,44319.91045,57,2951591,1,155586,0
9/06/2016,1760383.226,105,2951591,1,149115,0
10/06/2016,203204.5614,63,2951591,1,206234,0
11/06/2016,32012.4303,57,2951591,1,134797,0
12/06/2016,369994.6155,325,2951591,1,1030810,0
13/06/2016,1479682.387,368,2951591,1,1673420,0
14/06/2016,2514520.605,456,5951591,1,2479570,3000000
15/06/2016,3424905.6,455,5951591,1,1738970,0
16/06/2016,2013100.146,456,5951590.952,1,3547690,0
17/06/2016,1824369.875,400,5951585,0.999999,6105470,0
18/06/2016,1265316.613,294,5951585,0.999999,3759450,0
19/06/2016,438635.7222,163,5951585,0.999999,1377470,0
20/06/2016,2653353.15,152,5951585.048,0.999999,2855850,0
21/06/2016,2892958.399,307,5951591,1,3652970,0
22/06/2016,1668924.084,220,5951591,1,3966370,0
23/06/2016,799543.2942,273,5951591,1,2838010,0
24/06/2016,1875199.589,207,5951651,1,3067830,0
25/06/2016,160153.4813,136,5951651,1,1223680,0
26/06/2016,364879.1953,109,5951651,1,798039,0
27/06/2016,149436.0778,97,5951590.628,1,576205,0
28/06/2016,1515107.7,153,5951311.275,0.999953,2242170,0
29/06/2016,456169.5705,83,5951591,1,808151,0
30/06/2016,858885.456,100,5951591,1,1322550,0
1/07/2016,716453.4643,95,5951591,1,985150,0
2/07/2016,162157.959,48,5951591,1,561867,0
3/07/2016,613570.0685,65,5951591,1,1161670,0
4/07/2016,845933.2913,186,5951591,1,1703670,0
5/07/2016,742477.1635,135,5951591,1,1405480,0
6/07/2016,289360.3004,76,5951591,1,567909,0
7/07/2016,1210858.573,165,5951590.564,1,1875330,0
8/07/2016,760462.9342,98,5951537.387,0.999991,1277010,0
9/07/2016,337352.4397,81,5951585,0.999999,878486,0
10/07/2016,157524.6135,42,5951585,0.999999,284642,0
11/07/2016,456928.7267,71,5952537.047,0.999999,651964,0
12/07/2016,702652.7747,69,6951591,1,888710,1000000
13/07/2016,344582.4774,44,6951591,1,368649,0
14/07/2016,353030.2126,45,6951591,1,640118,0
15/07/2016,433886.9476,60,6951591,1,581262,0
16/07/2016,177197.9048,38,6951591,1,289175,0
17/07/2016,161099.4921,32,6951591,1,333668,0
18/07/2016,613438.8097,107,6951591,1,1131710,0
19/07/2016,696546.0592,51,6951661,1,798546,0
20/07/2016,1472008.868,79,6951591,1,1571990,0
21/07/2016,241224.1791,31,6951591,1,313139,0
22/07/2016,779783.4031,118,6951591,1,1537170,0
23/07/2016,321721.0754,38,6951591,1,618298,0
24/07/2016,518825.6126,66,6951591,1,1208880,0
25/07/2016,1230537.773,40,6951590.952,1,1425810,0
26/07/2016,957040.088,91,6951584.048,0.999999,1867980,0
27/07/2016,577734.5931,89,6951591,1,928283,0
28/07/2016,961048.5687,55,6951591,1,1369300,0
29/07/2016,344053.1936,38,6952147,1,351932,0
30/07/2016,48588.43394,15,6951661,1,158622,0
31/07/2016,230427.1887,49,6951591.209,1,893038,0
1/08/2016,910421.8474,113,6951326.791,0.999962,1944300,0
2/08/2016,941789.4032,111,6951583.806,0.999999,7399410,0
3/08/2016,198836.7501,75,6951556.048,0.999995,4139570,0
4/08/2016,20744.17838,22,6951563,0.999996,2005600,0
5/08/2016,25407.76242,28,6951563.109,0.999996,623230,0
6/08/2016,50007.35375,11,6950415.736,0.999831,879406,0
7/08/2016,9759.799909,37,6948511,0.999557,1205650,0
8/08/2016,33926.86073,23,6948511,0.999557,613117,0
9/08/2016,137890.4422,23,6948511,0.999557,1735260,0
10/08/2016,92099.3111,28,6948511.513,0.999557,1457520,0
11/08/2016,20892.14088,24,6766845.124,0.973424,1162530,0
12/08/2016,10738.55863,24,6690016.8,0.962372,912390,0
13/08/2016,245852.5951,41,6687833.688,0.962058,593801,0
14/08/2016,254162.0696,49,6951584,0.999999,1274390,0
15/08/2016,898115.4088,42,6951584,0.999999,1680290,0
16/08/2016,1913437.956,82,6951584.048,0.999999,2197340,0
17/08/2016,2026805.693,89,6951591,1,2394770,0
18/08/2016,406102.1041,45,6951591,1,849307,0
19/08/2016,804660.0336,54,6951591,1,1258110,0
20/08/2016,267162.5672,48,6951591,1,603297,0
21/08/2016,202482.281,35,6951591,1,281378,0
22/08/2016,143971.2079,43,6951591,1,1041420,0
23/08/2016,815089.4725,49,6951591,1,1240630,0
24/08/2016,280311.1048,34,6951591,1,546685,0
25/08/2016,580307.1745,53,6951591,1,965926,0
26/08/2016,386643.6752,42,6951591,1,731230,0
27/08/2016,13952.45634,12,6951591,1,555019,0
28/08/2016,33582.88635,15,6951591,1,1215110,0
29/08/2016,192047.1612,34,6951591,1,1591130,0
30/08/2016,401356.2654,65,6951591,1,1062640,0
31/08/2016,120662.1046,20,6951591,1,908476,0
1/09/2016,150354.6972,42,6951591,1,838378,0
2/09/2016,507450.4909,39,6951591,1,1472930,0
3/09/2016,358873.0425,40,6951591,1,2641030,0
4/09/2016,446081.5211,62,6951591,1,1248710,0
5/09/2016,469130.5391,45,6951591,1,1536980,0
6/09/2016,630700.8669,48,6951591,1,1149260,0
7/09/2016,877518.492,64,6951591,1,1727020,0
8/09/2016,328061.1969,50,6951591,1,960491,0
9/09/2016,177494.6618,19,6951591,1,592391,0
10/09/2016,86620.0549,15,6951591,1,301128,0
11/09/2016,322707.7527,33,6951591,1,968191,0
12/09/2016,416847.3439,34,6956457,1,982954,0
13/09/2016,834909.7138,50,6951660,1,1503640,0
14/09/2016,846881.2886,38,6951591,1,845294,0
15/09/2016,116779.0215,32,6951590.661,1,774746,0
16/09/2016,253301.1266,64,6951542.29,0.999993,719125,0
17/09/2016,42069.40318,47,6951584,0.999999,243461,0
18/09/2016,175155.8268,21,6951584.321,0.999999,579543,0
19/09/2016,110305.3012,29,6951055.679,0.999923,518342,0
20/09/2016,3822360.585,70,6951584,0.999999,1590290,0
21/09/2016,448903.4204,38,6951584.468,0.999999,1023360,0
22/09/2016,301588.051,34,6951514.484,0.999989,748610,0
23/09/2016,122506.9483,25,6951584,0.999999,907263,0
24/09/2016,166972.2358,23,6951584,0.999999,273642,0
25/09/2016,126531.5624,28,6951584.048,0.999999,204381,0
26/09/2016,155046.3844,30,6951591,1,479180,0
27/09/2016,110205.1755,20,6951591,1,370561,0
28/09/2016,28548.12052,41,6951591,1,243485,0
29/09/2016,141112.3313,35,6951591,1,289768,0
30/09/2016,725525.742,39,6951591,1,402548,0
1/10/2016,124053.7963,34,6951591,1,365091,0
2/10/2016,61088.29926,18,6951590.903,1,263174,0
3/10/2016,135432.2915,37,6951577,0.999998,335206,0
4/10/2016,339061.3249,43,6951577.097,0.999998,462509,0
5/10/2016,246077.698,24,6951591,1,753062,0
6/10/2016,34413.1733,26,6951591,1,406883,0
7/10/2016,240286.2199,33,6951591,1,501840,0
8/10/2016,169984.5778,24,6951591,1,369612,0
9/10/2016,8773.316934,13,6951591,1,254639,0
10/10/2016,249127.1493,29,6951591,1,346058,0
11/10/2016,617247.3767,81,6951591,1,1153880,0
12/10/2016,149886.5426,43,6951591,1,485002,0
13/10/2016,281590.7037,36,6951591,1,359664,0
14/10/2016,121328.1935,58,6951590.952,1,233907,0
15/10/2016,221768.4767,21,6951584.048,0.999999,278547,0
16/10/2016,89077.15771,23,6951591,1,292196,0
17/10/2016,845856.541,86,6951591,1,1045550,0
18/10/2016,132530.7606,31,6951591,1,321977,0
19/10/2016,91700.85335,24,6951591,1,410009,0
20/10/2016,68548.08764,40,6951591,1,205344,0
21/10/2016,156126.1325,40,6951590,1,185916,0
22/10/2016,641644.9797,64,6951590,1,794533,0
23/10/2016,419311.2905,44,6951590,1,633006,0
24/10/2016,278984.0608,31,6951590,1,274414,0
25/10/2016,325607.1102,45,6951590,1,552686,0
26/10/2016,553422.4508,58,6951590,1,762026,0
27/10/2016,220142.7942,49,6951590,1,747629,0
28/10/2016,363180.5213,53,6951590,1,874147,0
29/10/2016,969977.2004,92,6951590,1,2077010,0
30/10/2016,912147.8314,48,6951590,1,1550060,0
31/10/2016,315775.7531,54,6951590,1,1022220,0
1/11/2016,1187979.868,75,6951589,1,2244990,0
2/11/2016,1135436.373,58,6951589,1,1449000,0
3/11/2016,1230893.645,72,6951589,1,2399930,0
4/11/2016,1104249.171,48,6951589,1,1256100,0
5/11/2016,88058.60141,21,6951589,1,417538,0
6/11/2016,402210.9534,37,6951589,1,931269,0
7/11/2016,250753.4557,37,6951589,1,589834,0
8/11/2016,408148.3387,43,6951589,1,768255,0
9/11/2016,909724.648,107,6951589,1,1916180,0
10/11/2016,164397.9079,21,6951588.855,1,481368,0
11/11/2016,241832.0859,31,6951568.145,0.999997,661204,0
12/11/2016,298418.4513,52,6951590,1,670202,0
13/11/2016,267095.0767,40,6951590,1,898023,0
14/11/2016,185531.8728,42,6951590,1,389749,0
15/11/2016,1895003.319,34,6951590,1,2252560,0
16/11/2016,595930.8849,39,6951590,1,1524490,0
17/11/2016,641939.2006,75,6951590,1,987757,0
18/11/2016,189554.5095,38,6951590,1,566442,0
19/11/2016,198675.8384,27,6951590,1,444691,0
20/11/2016,650636.551,29,6951590,1,1149160,0
21/11/2016,2342264.794,37,6951590,1,2210850,0
22/11/2016,438765.7754,19,6951590,1,996653,0
23/11/2016,111998.3633,37,6951590,1,533171,0
24/11/2016,562604.0861,36,6951590,1,1157470,0
25/11/2016,188559.7858,64,6951590,1,447527,0
26/11/2016,189049.7635,53,6951590,1,398097,0
27/11/2016,195437.5176,25,6951590,1,369032,0
28/11/2016,1209263.51,66,6951590,1,293938,0
29/11/2016,281944.8837,43,6951590,1,602186,0
30/11/2016,227075.8939,51,6951590,1,517118,0
1/12/2016,673208.7125,46,6951590,1,916660,0
2/12/2016,576634.1509,61,6951590,1,1548020,0
3/12/2016,498971.3365,52,6951729,1,566210,0
4/12/2016,190200.488,39,6952841,1,338054,0
5/12/2016,698088.5364,56,6951729,1,1166450,0
6/12/2016,1135514.516,65,6951590,1,2074660,0
7/12/2016,333553.7409,54,6951590,1,677377,0
8/12/2016,153883.9005,48,6951590,1,424174,0
9/12/2016,76303.03242,37,6951590,1,257304,0
10/12/2016,114381.2311,36,6951590,1,289281,0
11/12/2016,38142.90813,33,6951590,1,419496,0
12/12/2016,746829.1366,64,6951590,1,735546,0
13/12/2016,1016603.201,54,6951590,1,923361,0
14/12/2016,653457.2269,38,6951590,1,585908,0
15/12/2016,322969.5119,57,6951590,1,388753,0
16/12/2016,70805.39524,33,6951798,1,207220,0
17/12/2016,262478.9758,37,6951798,1,372542,0
18/12/2016,304736.1967,40,6951659,1,430745,0
19/12/2016,264915.641,48,6951590,1,403551,0
20/12/2016,71563.67666,54,6951590,1,412630,0
21/12/2016,307184.5771,75,6951590,1,821307,0
22/12/2016,673909.0742,110,6951590,1,1247890,0
23/12/2016,1380285.012,163,6952771,1,2873180,0
24/12/2016,850356.0362,73,6951659,1,1808220,0
25/12/2016,558647.6569,82,6951659,1,1911330,0
26/12/2016,1633088.128,103,6951659,1,1279530,0
27/12/2016,1058557.837,117,6951659,1,2108650,0
28/12/2016,1362666.841,169,6951868,1,2943940,0
29/12/2016,1937348.656,159,6951729,1,2794880,0
30/12/2016,1300972.551,150,9951789,1,2515800,3000000
31/12/2016,1319673.612,81,9951689,1,775440,0
1/01/2017,625441.323,66,9951689,1,1946000,0
2/01/2017,1106414.31,154,9951689,1,3107780,0
3/01/2017,2147113.6,233,9951689,1,3267910,0
4/01/2017,5328914.163,259,9951689,1,7463910,0
5/01/2017,3459536.859,177,14951739,1,13406600,5000000
6/01/2017,2994990.159,219,14951740,1,7969720,0
7/01/2017,2032693.897,196,14951740,1,5932450,0
8/01/2017,1025979.482,233,14951740,1,3800480,0
9/01/2017,956620.4137,73,14951740,1,2717290,0
10/01/2017,869692.9423,113,14951720,1,1379840,0
11/01/2017,3580703.689,145,14951720,1,9628470,0
12/01/2017,2759969.353,149,14951720,1,5552980,0
13/01/2017,893986.4226,130,14951720,1,2739310,0
14/01/2017,579035.1673,122,14952019,1,1533240,0
15/01/2017,3509542,83,14951870,1,1334200,0
16/01/2017,801849.9389,53,14951720,1,1223000,0
17/01/2017,1680850.694,207,14951720,1,4345620,0
18/01/2017,1318033.873,124,14951720,1,3458060,0
19/01/2017,1566006.358,135,14951720,1,2241690,0
20/01/2017,2466027.24,87,14951720,1,2085240,0
21/01/2017,1181870.844,130,14951740,1,2455610,0
22/01/2017,1076128.883,97,14951740,1,2629330,0
23/01/2017,1740926.727,100,14951740,1,2533860,0
24/01/2017,1213995.536,99,14951740,1,3160230,0
25/01/2017,898603.0099,78,14951740,1,1565260,0
26/01/2017,1042282.76,126,14951740,1,1814250,0
27/01/2017,660623.0752,99,14951740,1,1360880,0
28/01/2017,1684816.189,78,14951740,1,1560910,0
29/01/2017,1346304.677,95,14951740,1,745036,0
30/01/2017,278628.0352,79,14956375,1,681519,0
31/01/2017,2218215.147,104,24951590.85,1,2762940,10000000
1/02/2017,2140046.775,116,24951516.1,0.999997,3435630,0
2/02/2017,1923022.075,111,24951565.76,0.999999,3494060,0
3/02/2017,1481366.665,110,24951441.19,0.999994,2994180,0
4/02/2017,2329358.93,116,24951541.05,0.999998,2837660,0
5/02/2017,862575.8284,113,24951566,0.999999,2141090,0
6/02/2017,696338.5079,104,24951565.95,0.999999,1129720,0
7/02/2017,1165969.003,106,24950972.05,0.999998,2216310,0
8/02/2017,938845.1038,132,24950971,0.999999,3003910,0
9/02/2017,2045423.155,203,24950971,0.999999,8872190,0
10/02/2017,864427.6993,119,24950971,0.999999,3640970,0
11/02/2017,651985.8454,61,24950971,0.999999,1685670,0
12/02/2017,507765.9766,65,24950971,0.999999,1105600,0
13/02/2017,368160.6166,50,24950971.05,0.999999,1347810,0
14/02/2017,696192.8042,62,24950996,1,2438910,0
15/02/2017,597543.8786,52,24995159,1,1654380,0
16/02/2017,346039.1756,63,24952244,1,1565660,0
17/02/2017,1208464.31,113,24951495,1,2135320,0
18/02/2017,1348764.787,77,24951246,1,1404980,0
19/02/2017,239359.9129,67,24950996,1,1071870,0
20/02/2017,551859.2559,77,24948425.9,0.999897,2550470,0
21/02/2017,3498700.946,159,24950921.39,0.999997,4595170,0
22/02/2017,657055.1361,99,24945282.6,0.999771,1763290,0
23/02/2017,1400322.582,141,24950272.27,0.999971,3150010,0
24/02/2017,3642532.004,182,24950921.05,0.999997,10607500,0
25/02/2017,548588.8908,100,24951944.1,0.999998,3747980,0
26/02/2017,755796.0198,42,24951236,1,2280940,0
27/02/2017,277114.8324,60,24952741,1,3063750,0
28/02/2017,2894897.903,78,24950994.53,1,5557310,0
1/03/2017,8678620.608,176,24950296.27,0.999972,11999700,0
2/03/2017,4439313.727,283,24950969.05,0.999999,14420000,0
3/03/2017,6008168.221,226,24950994,1,12268600,0
4/03/2017,1738203.578,129,24951244,1,6427490,0
5/03/2017,4076927.85,145,24951244,1,6111390,0
6/03/2017,1206689.954,120,24951875,1,4261790,0
7/03/2017,6367626.276,250,34951077,1,10782500,10000000
8/03/2017,17602912.41,267,34950727,1,11995300,0
9/03/2017,3220231.666,184,34950377.34,1,9560830,0
10/03/2017,3691150.523,298,34947057.22,0.999905,26308800,0
11/03/2017,3266947.362,228,34951461.43,0.999991,15269400,0
12/03/2017,2810392.034,167,34953174,1,13039200,0
13/03/2017,5883873.549,391,34951776,1,25101200,0
14/03/2017,6714651.886,477,34951062,1,13773800,0
15/03/2017,8039556.794,418,34950712,1,20476500,0
16/03/2017,10886952.1,578,34951411,1,39496700,0
17/03/2017,21182108.57,595,44952211,1,46381300,10000000
18/03/2017,11935850.6,461,44952211,1,49039900,0
19/03/2017,8516922.193,335,44953110,1,33106500,0
20/03/2017,2446161.654,307,44960302,1,16075100,0
21/03/2017,5339943.775,367,44952211,1,21556400,0
22/03/2017,4845776.515,345,44952661,1,22713300,0
23/03/2017,3289983.987,258,44954009,1,12763900,0
24/03/2017,6338674.006,372,44950862.89,1,33351200,0
25/03/2017,5994569.108,377,44946277.88,0.999898,28141600,0
26/03/2017,5562594.605,326,44947481.14,0.999915,16614300,0
27/03/2017,4198127.665,271,44951302,1,19270700,0
28/03/2017,2625979.129,330,44951302,1,15602800,0
29/03/2017,5717460.1,329,54950852.4,1,16816300,10000000
30/03/2017,28076230.4,412,54947994.87,0.999948,25009900,0
31/03/2017,10297680.59,393,54950031.74,0.999985,34115800,0
1/04/2017,3105696.954,315,54950867.66,1,15118800,0
2/04/2017,8867676.361,437,54980079.72,0.999582,45911500,0
3/04/2017,8989699.69,473,54950867.82,1,42028500,0
4/04/2017,5884069.897,398,54939383,0.999771,26434800,0
5/04/2017,11382935.17,400,54956912,1,26734200,0
6/04/2017,5337083.461,510,54950868,1,33731600,0
7/04/2017,9422049.303,515,54947405.86,0.999937,21336300,0
8/04/2017,3085124.645,257,54943943.24,0.999874,14282200,0
9/04/2017,12994571.99,271,54935152.09,0.999714,18951900,0
10/04/2017,4590972.543,379,54948669.58,0.99996,12279500,0
11/04/2017,5174990.613,380,54947244.53,0.999934,12213800,0
12/04/2017,7090511.942,406,50735756.26,0.999842,20964000,0
13/04/2017,8092487.486,490,50721344.84,0.999558,24018200,0
14/04/2017,4681966.741,404,50724389.06,0.999618,14768200,0
15/04/2017,6700510.002,390,50694602.65,0.999031,14030700,0
16/04/2017,2042297.533,278,50740677.75,0.999939,7208670,0
17/04/2017,8544711.312,563,50715103.33,0.999435,17280800,0
18/04/2017,12789728,924,60700888.5,0.999294,26367700,10000000
19/04/2017,8145594.632,675,54803775.53,0.999617,18244800,0
20/04/2017,5383921.935,657,54757258.1,0.999525,20548000,0
21/04/2017,7564047.369,715,54647463.33,0.998269,15935100,0
22/04/2017,5419066.551,613,53856499.22,0.984,14711900,0
23/04/2017,5302840.198,621,51486796.7,0.940741,17298600,0
24/04/2017,4778127.563,534,50418052.09,0.921308,15265400,0
25/04/2017,15133696.67,539,59435766.12,0.917876,12707000,0
26/04/2017,7899370.478,600,56810668,0.913539,18772400,0
27/04/2017,9029687.042,581,57245574.17,0.921049,24062800,0
28/04/2017,10922495.62,538,57431267.86,0.924343,26494600,0
29/04/2017,6279077.336,448,58889839.04,0.934557,26533600,0
30/04/2017,5077408.724,374,59055044.34,0.937189,23739900,0
1/05/2017,8577705.72,498,59039851.89,0.936855,44582500,0
2/05/2017,3001330.655,485,59016321.09,0.935857,22268100,0
3/05/2017,5041010.901,575,57297334.7,0.932612,33500300,0
4/05/2017,13016980.51,861,58244449.11,0.933356,56022400,0
5/05/2017,15967144.67,840,59031916.3,0.945975,69583296,0
6/05/2017,11869610.1,549,59636728.09,0.955667,44047300,0
7/05/2017,8313594.314,672,60446161.06,0.968638,72995504,0
8/05/2017,7085905.725,621,60466977.38,0.968962,85211504,0
9/05/2017,25307307.14,553,60356662.37,0.967255,62186400,0
10/05/2017,9007520.957,563,60554406.5,0.970483,45884200,0
11/05/2017,8462908.059,486,61137003.59,0.97982,46800700,0
12/05/2017,12211247.89,616,60842431.33,0.975099,42850000,0
13/05/2017,5358207.475,528,61232656.39,0.981353,28873700,0
14/05/2017,5698705.402,339,60697422.61,0.972775,23922200,0
15/05/2017,8456139.042,528,61181741.79,0.980577,37380700,0
16/05/2017,2961567.38,228,60567922.49,0.970698,53097800,0
17/05/2017,3517043.086,341,59461320.05,0.952963,60057700,0
18/05/2017,4999806.138,376,59972033.47,0.961148,44705600,0
19/05/2017,3978087.649,560,60422897.95,0.967244,53721400,0
20/05/2017,6282395.185,608,62320431.31,0.998833,42299800,0
21/05/2017,3095155.062,360,61946798,0.992749,46162600,0
22/05/2017,11127334.18,343,62262129.7,1,79739904,0
23/05/2017,14376965.17,647,64800006,1.01,59043000,0
24/05/2017,13282737.05,724,68865612.25,1.01,87804800,10000000
25/05/2017,38306248.92,776,69534139.5,1.02,144036000,10000000
26/05/2017,38027210.8,702,96540460.79,1.02,125946000,20000000
27/05/2017,48127141.24,1041,110642195.6,1.05,186683008,20000000
28/05/2017,22442097.37,836,107344821.6,1.02,110026000,0
29/05/2017,19392573.93,677,109364721.7,1.04,80508896,0
30/05/2017,24868500.19,1099,107041607.5,1.02,108331000,0
31/05/2017,10316054.06,716,105664316.9,1.01,84739904,0
1/06/2017,15271441.62,797,109253864.9,1.04,100614000,0
2/06/2017,9129125.19,603,108554869.8,1.03,49197100,0
3/06/2017,9254857.012,591,108484894.4,1.03,43629000,0
4/06/2017,9828051.377,619,107267457.7,1.02,49194800,0
5/06/2017,10437466.34,666,105710941,1.01,49132500,0
6/06/2017,64287524.31,1303,107610825.2,1.02,152408000,20000000
7/06/2017,58130272.39,783,104887656.4,1,97386096,0
8/06/2017,19034448.08,722,130662699.7,1.02,65560000,0
9/06/2017,17645932.86,807,127579236,1,58031200,0
10/06/2017,19382154.66,763,127932229.5,0.999158,80163296,0
11/06/2017,14192346.68,615,129808068.1,1.02,84910496,0
12/06/2017,27491608.46,789,128485967.7,1.01,211119008,0
13/06/2017,34735662.41,942,131109300.7,1.03,105293000,0
14/06/2017,34390523.48,756,128163665.6,1.01,139975008,0
15/06/2017,64168384.41,1023,130987758.8,1.03,243107008,0
16/06/2017,27757231.08,968,128215805.6,1.01,109032000,20000000
17/06/2017,18075328.37,552,130043691.7,1.02,104554000,0
18/06/2017,12900534.45,568,126405281,0.988674,114519000,0
19/06/2017,25026433.99,930,127493815.9,1,75733696,0
20/06/2017,10642351.55,909,142690683.6,0.986156,88767296,0
21/06/2017,33701396.28,724,141089067.9,0.975087,108254000,0
22/06/2017,26576224.27,982,141969819.3,0.981174,63105300,0
23/06/2017,25797867.23,690,140156882.3,0.972496,41182300,0
24/06/2017,30534297.11,543,146212400.5,1.01,79286600,20000000
25/06/2017,31581663.26,762,148048000,1.02,102005000,0
26/06/2017,74504633.28,1183,146155233,1.01,195886000,30000000
27/06/2017,77250968.11,1068,145725492,1.01,171804992,30000000
28/06/2017,31038479.22,779,146399765,1.01,128750000,0
29/06/2017,18198414.39,630,216662076.9,1.01,101103000,0
30/06/2017,33532970.76,775,218374858,1.02,72550400,0
1/07/2017,27975514.25,759,217124011.3,1.01,82133800,0
2/07/2017,21746822.74,754,224437398,1.02,76519200,0
3/07/2017,25190602.4,718,222347022.7,1.01,87514200,0
4/07/2017,24844540.03,785,219892809,0.999601,87707904,0
5/07/2017,14949513.91,486,219980581.3,1,66727600,0
6/07/2017,16823738.14,991,219876063.4,0.995936,44331000,0
7/07/2017,23268511.23,714,219543568.3,1,84663200,0
8/07/2017,17015512.06,609,222181166.4,1.01,62607300,0
9/07/2017,14667015.74,478,219876163.1,0.999601,45640800,0
10/07/2017,58482731.01,870,236849455,1.01,132682000,0
11/07/2017,52695201.36,1102,264759817.5,1.02,173424000,30000000
12/07/2017,61544873.63,805,271671116.5,1.01,131420000,0
13/07/2017,57867636.06,1011,290493856.7,0.999669,104236000,25000000
14/07/2017,18662421.46,727,290349772,1,93146704,0
15/07/2017,32377464.84,937,295061456,1,125229000,0
16/07/2017,28322342.89,973,294481327.8,1,177914000,0
17/07/2017,29800290.28,908,291028558.6,0.988208,171476000,0
18/07/2017,42000627.18,1284,307960311.3,0.995021,238396000,25000000
19/07/2017,27054244.57,966,310457677,1,199312000,0
20/07/2017,36591798.79,1130,316619401.4,0.99098,278993984,0
21/07/2017,44772124.62,1458,319065517.9,0.998636,168919008,0
22/07/2017,35431399,1362,319377346.4,0.999612,131558000,0
23/07/2017,26082095.19,524,317831279.1,0.994773,114229000,0
24/07/2017,20336526.36,722,319475433.8,0.999919,75766896,0
25/07/2017,32432341.41,1089,317675043.8,0.994284,220992000,0
26/07/2017,18463064.6,963,319068388.2,0.998645,111957000,0
27/07/2017,19715507.85,916,319130271.9,0.998839,79850000,0
28/07/2017,61925840.74,1200,318859768.1,0.99606,116290000,0
29/07/2017,25754377.24,1311,319422934.8,0.999755,73768304,0
30/07/2017,19207786.58,896,318471141.5,0.996776,60213000,0
31/07/2017,25729250.74,1385,319795154,1,75184896,0
1/08/2017,20649860.97,865,319501213.4,1,170044992,0
2/08/2017,40500035.2,2184,318864163.3,0.996581,84592704,0
3/08/2017,18893315.59,2342,319501196.7,1,57242700,0
4/08/2017,14913202.25,1479,310767556.9,0.968452,59432500,0
5/08/2017,30698084.36,1992,319501202,1,173138000,0
6/08/2017,24769157.33,1601,319833483,1,103532000,0
7/08/2017,39801133.23,1825,319331227.9,0.999468,110170000,0
8/08/2017,23694561.99,2080,318134143.5,0.99422,130482000,0
9/08/2017,20765271.93,1371,320170178,0.999236,140568992,0
10/08/2017,15747723.05,1429,319117481,0.998799,91695000,0
11/08/2017,49542362.55,2346,318709479.6,0.996635,111829000,0
12/08/2017,25754868.6,1592,319862238,1,130896000,0
13/08/2017,48087089.37,2022,319501201.7,1,198568992,0
14/08/2017,28312218.23,1925,318121695.3,0.995682,125445000,0
15/08/2017,49543313.52,1927,319990139,1,213099008,0
16/08/2017,27437211.29,1323,319552983.6,0.998963,121473000,0
17/08/2017,48578035.39,1844,318852825.7,1,166152000,0
18/08/2017,35818962.09,1795,323760271,1.01,255272000,0
19/08/2017,48159289.94,1356,323580519.5,1.01,281632992,0
20/08/2017,25147646.39,1150,318596170.7,0.997167,133754000,0
21/08/2017,28047101.67,1568,319353708.9,0.999538,208830000,0
22/08/2017,40721311.06,1593,318400462.4,1,241915008,0
23/08/2017,27729187.04,1378,320143516,1,195159008,0
24/08/2017,19277262.7,1137,320858788.1,0.999332,132330000,0
25/08/2017,33453379.45,1422,320415042,1,116308000,0
26/08/2017,12666758.77,612,319501268.4,1,98081296,0
27/08/2017,18979496.37,1092,320440602,1,104722000,0
28/08/2017,19423837.41,828,319837227,1,130785000,0
29/08/2017,27658852.38,1542,319984145,1,132123000,0
30/08/2017,27893261.24,1575,319734936,1,114992000,0
31/08/2017,20165150.12,1498,320495344,1,109217000,0
1/09/2017,69590517.53,2047,320894490,1,199664000,0
2/09/2017,88862155.07,2595,343283305.9,1,345971008,20000000
3/09/2017,63972810.77,1520,368458099,1.01,188687008,25000000
4/09/2017,110428151.8,2944,370395961.2,1,375472992,0
5/09/2017,82425416.03,2852,398432502.2,1.03,271614016,25000000
6/09/2017,35137177.07,1915,387158941,1.01,192688992,0
7/09/2017,57558005.75,2085,394229274,1,166452992,25000000
8/09/2017,87898719.26,2414,392485505,1,319590016,0
9/09/2017,52749019.21,2072,408244428,1.01,119580000,0
10/09/2017,43527786.51,2017,401879143.6,1,163772992,0
11/09/2017,40377007.74,1713,404132451,1,125845000,0
12/09/2017,130977947.4,1921,401817888.1,1,162774000,0
13/09/2017,76661299.83,2391,414751291,1,257404000,0
14/09/2017,69387972.66,2342,420011024,1,356495008,25000000
15/09/2017,143985461,3440,440452838.6,1,540294976,0
16/09/2017,53723108.04,2073,443361780,1,233444992,0
17/09/2017,23780306.1,1131,445388344,1.01,119083000,0
18/09/2017,49870102.7,1691,443547622,1,214648000,0
19/09/2017,43845243.73,1609,443299833,1,163298000,0
20/09/2017,26912233.35,1592,444490107,1,137763008,0
21/09/2017,52553138.13,1855,443434322.8,0.997446,231706000,0
22/09/2017,28167946.05,1326,448957353.3,1.01,164432000,0
23/09/2017,19756691.57,827,443406023,1,118296000,0
24/09/2017,13056900.22,847,443777707,1,91337904,0
25/09/2017,28879784.46,1372,443056463,1,160336992,0
26/09/2017,40241820.89,1395,428167762,1,103839000,0
27/09/2017,40031588.91,2228,427334992,1,201224000,0
28/09/2017,45172075.03,2243,427826113,1,232499008,0
29/09/2017,48419973.84,1714,436343580.1,0.998357,205406000,0
30/09/2017,19408169.68,1365,437061572.2,1,117411000,0
1/10/2017,23034694.73,1050,435866645.3,0.997266,103007000,0
2/10/2017,31449266.65,1566,436967494.6,0.998088,126009000,0
3/10/2017,24464380.62,1438,437114020,1,137567008,0
4/10/2017,28766448.25,1257,437607899,1,114903000,0
5/10/2017,32977025.03,1590,437192691,1,119952000,0
6/10/2017,26500684.97,1559,437537969,1,92153696,0
7/10/2017,20574766.7,982,436881507.5,0.999588,89544096,0
8/10/2017,16763802.14,1106,436235530.6,0.99811,123005000,0
9/10/2017,40507327.67,1464,436579498.6,0.998897,178567008,0
10/10/2017,23403209.64,1436,437061577.4,1,137687008,0
11/10/2017,12873742.87,1228,436170845.2,0.997962,85384600,0
12/10/2017,33133201.86,1542,436992958,0.999843,216202000,0
13/10/2017,38275894.77,1896,437083430,1,319484992,0
14/10/2017,32243290.17,1530,437061676.9,1,139468000,0
15/10/2017,24783653.65,1304,437061676.8,1,209190000,0
16/10/2017,44151360.43,1627,436187553.4,0.998,204158000,0
17/10/2017,45063986.75,2278,436297693.2,0.998252,216808000,0
18/10/2017,28912119.9,1825,437771104.4,0.998946,253904000,0
19/10/2017,34505080.07,1579,437350138,1,150674000,0
20/10/2017,58210691.69,1832,437507375,1,185163008,0
21/10/2017,30173874.78,1330,437467634,1,171818000,0
22/10/2017,45108191.6,1156,437869662.6,0.99992,166215008,0
23/10/2017,56047106.17,2021,437061166.9,1,203487008,0
24/10/2017,56274629.21,2655,435901285.2,0.994611,257372000,0
25/10/2017,37275064.45,1856,438049427,1,171432992,0
26/10/2017,26828432.23,1652,437061667.1,1,162258000,0
27/10/2017,27940497.32,1370,437055546.2,0.999916,144634000,0
28/10/2017,30793042.01,1106,438721346.6,0.999838,120414000,25000000
29/10/2017,83697105.29,1969,452563456,1,618257024,0
30/10/2017,30288148.06,1770,452323863,1,169424992,0
31/10/2017,30927012.99,1781,451625794.9,0.998327,184182000,0
1/11/2017,50655049.56,2345,452762363,1,246324000,0
2/11/2017,72088881.17,3317,452447209.5,0.999853,425129984,0
3/11/2017,93853104.68,2265,484832312.8,0.999063,358886016,25048400
4/11/2017,82656442.14,2497,495094256,1,285312000,0
5/11/2017,19434121.76,2122,494061667,1,234616000,0
6/11/2017,41444396.38,2185,495731596,1,308963008,0
7/11/2017,56811907.4,3079,511792330.1,0.999882,255132992,20000000
8/11/2017,79489097.75,3206,495020440.6,1,526848992,20000000
9/11/2017,73910838.72,3748,538430292,1.01,358188000,0
10/11/2017,143432561.6,3225,567451678,1.01,756446016,30000000
11/11/2017,75012940.41,1548,599402282,1.01,746227968,30000000
12/11/2017,17312779.97,1088,601469616,1.01,1466060032,0
13/11/2017,102716949.7,3534,593635842.6,1,767884032,0
14/11/2017,49843519.72,2608,598075276,1.01,429857984,0
15/11/2017,54892935.72,2575,595907109,1,449671008,0
16/11/2017,123092988.1,4266,621473048.5,1.01,650278976,20000000
17/11/2017,85175457.3,3214,642177594.7,0.995758,639398016,60000000
18/11/2017,63255379.13,2847,645504498,1,588136000,0
19/11/2017,120294043.1,3049,676613749,1,485752992,0
20/11/2017,50600923.58,3399,676262766,1,449595008,0
21/11/2017,93165090.94,2601,674966829.9,1,622649024,0
22/11/2017,49049510.79,1457,673331124.8,0.997427,499812000,0
23/11/2017,56036579.66,1709,674061024.4,0.998658,735883008,0
24/11/2017,100305476.2,3335,676539502,1,848627968,0
25/11/2017,51287854.46,3186,671899405.9,1,651987968,0
26/11/2017,68099500.16,3031,674085703,1,636451968,20001000
27/11/2017,130722519.5,3837,682596933.5,1.01,784436992,30000000
28/11/2017,128761818.9,4972,675062335,1,794764032,45000000
29/11/2017,178431328.5,4867,739018347.4,1,1672120064,24999000
30/11/2017,198601875.4,5207,762580087.1,1,1043969984,0
1/12/2017,83909111.85,3584,771489437,1.01,749395968,25000000
2/12/2017,189342262.1,4965,822157521.5,1.01,679950016,25000000
3/12/2017,159480589.7,4218,814554599,1,946748992,0
4/12/2017,84258449.88,4158,817004791,1,668510016,0
5/12/2017,108637518.5,4573,815620962,1,814145984,0
6/12/2017,170323886.5,5275,813749465.1,0.99976,1281490048,0
7/12/2017,136491797.6,5971,823482551.8,1.01,1671609984,0
8/12/2017,108643172.9,3610,844586093.3,1.04,1993030016,0
9/12/2017,170199435.9,4283,827961465,1.02,1598909952,0
10/12/2017,160807940.7,3932,828466156,1.02,1649500032,0
11/12/2017,133343090.5,4638,846211181.5,1.01,1542119936,25000000
12/12/2017,81526228.55,6655,854117795.7,1.02,2240839936,0
13/12/2017,278880325.6,5945,957491362.8,1.08,2198139904,50000000
14/12/2017,390390003.4,6895,1047706924,1.03,2336179968,130000000
15/12/2017,224522074.1,7299,1025272316,1.01,2044499968,0
16/12/2017,256590011.8,7208,1138482045,1.02,1592729984,100000000
17/12/2017,220896592.4,9135,1129357068,1.01,1931020032,0
18/12/2017,173350145,8631,1133586954,1.01,2517230080,0
19/12/2017,283939892.5,8496,1181535444,1.01,3073860096,50000000
20/12/2017,146611994.1,7300,1180953023,1.01,3751790080,50000000
21/12/2017,242575286,5698,1217137073,1,3106720000,0
22/12/2017,251280933.4,11051,1227798132,1.01,4687949824,0
23/12/2017,277750388.6,8767,1224716942,1.01,2353740032,0
24/12/2017,279406763.2,5952,1282793693,1.05,2611589888,0
25/12/2017,151870608.2,5300,1256036229,1.03,1708380032,0
26/12/2017,262451970.3,6823,1235277937,1.01,1854780032,0
27/12/2017,228820753.6,6212,1222548045,1,1939949952,0
28/12/2017,273010602.3,6167,1263808464,1,2211409920,50000000
29/12/2017,333344558.7,5976,1375805863,1.01,1929090048,100000000
30/12/2017,290289056.9,6820,1383599550,1.01,2711059968,0
31/12/2017,112036824.7,3812,1398574129,1.02,1927010048,0
1/01/2018,129564452.3,4507,1378049531,1.01,1685299968,0
2/01/2018,263433457.5,6998,1388541412,1.01,2635859968,0
3/01/2018,341173774.2,7921,1386476964,1.01,2471689984,0
4/01/2018,498918127.5,11848,1486522145,1.01,3200130048,100000000
5/01/2018,257743618.8,8008,1468089837,1,3096620032,0
6/01/2018,175801134.9,7615,1466621747,1,2620080128,0
7/01/2018,152327337,6778,1485098685,1.01,2338180096,0
8/01/2018,350021047.6,8014,1481772434,1.01,3815749888,0
9/01/2018,270496990.8,7888,1476883695,1.01,2766180096,0
10/01/2018,313432059.3,7363,1484668682,1.01,3189860096,0
11/01/2018,338281578.9,7090,1470564976,0.999976,3841110016,0
12/01/2018,338487170.4,7344,1477015823,1.01,2668219904,0
13/01/2018,184991442.4,6957,1471055378,1,2759879936,0
14/01/2018,289377395.8,6115,1462505338,1,2960410112,50000000
15/01/2018,509469087.1,8123,1492440359,1.02,2557179904,100000000
16/01/2018,569436476,10409,1640856419,1.01,5552929792,100000000
17/01/2018,632516600.9,11005,1674108647,1.03,5588839936,100000000
18/01/2018,820469610,10705,1655484902,1.02,4302300160,100000000
19/01/2018,464389542.8,7545,1657945694,1.02,2876989952,100000000
20/01/2018,294412085,6740,1636085773,1.01,2942779904,100000000
21/01/2018,523153952.3,7111,1618090823,1,3302010112,0
22/01/2018,268484360.2,7543,1610144555,1,3274899968,0
23/01/2018,487824354.4,7911,1610160576,1,3126830080,100000000
24/01/2018,315052833.3,8065,1618090823,1,2620630016,0
25/01/2018,302976146.8,8548,1634271731,1.01,2571930112,0
26/01/2018,377742901.7,8065,1620843105,0.997571,2957009920,0
27/01/2018,213205719.5,5366,1618090823,1,2051980032,0
28/01/2018,441041738.6,7457,2270226854,0.996548,2546639872,0
29/01/2018,319968982.1,7024,2251756093,0.98844,2031160064,0
30/01/2018,717658520.2,7179,2244156611,0.998672,3108630016,0
31/01/2018,502541362.3,6462,2200596509,0.992538,2663930112,-30000000
1/02/2018,381475718.1,7725,2198423710,0.991558,3498899968,0
2/02/2018,418455070.5,7392,2186752682,0.986294,4785869824,0
3/02/2018,253832266.6,7299,2206882620,0.994071,2488529920,0
4/02/2018,223104166.5,7739,2217426188,1,2504640000,0
5/02/2018,424323865.5,8857,2207815520,0.995794,4078980096,0
6/02/2018,384143593.8,9607,2169665605,0.9785,6247249920,0
7/02/2018,277695334.8,6603,2220244811,1,3307539968,0
8/02/2018,342075750.9,4225,2203631215,0.99497,2466619904,0
9/02/2018,170852641,3792,2266255361,1.02,1631139968,0
10/02/2018,246396133.7,4977,2225344235,1,2628379904,0
11/02/2018,253457921.2,3879,2217140813,1,2431739904,0
12/02/2018,213837154.3,3951,2217340356,1,2457489920,0
13/02/2018,159920241.5,3676,2219579668,1,2226759936,0
14/02/2018,173358245.7,3963,2213777944,0.997715,3066190080,0
15/02/2018,213390497.1,4227,2229135545,1.01,3286909952,0
16/02/2018,136119342.6,3909,2244014777,1.01,2605819904,0
17/02/2018,168641570.9,3626,2225344235,1,2797600000,0
18/02/2018,139038721,3361,2206581954,1,3124179968,0
19/02/2018,130930893.1,3172,2218493269,1,2546439936,0
20/02/2018,198163192.4,3863,2218493269,1,3126220032,0
21/02/2018,267847535,5523,2241484354,1.01,3459830016,0
22/02/2018,801500150.2,4322,2226208919,1,2904620032,0
23/02/2018,244155141.1,4551,2242827942,1.01,2815280128,0
24/02/2018,243160888.9,3542,2223437493,1,2417710080,0
25/02/2018,102619010.1,2377,2217894641,1,1968850048,0
26/02/2018,190250960.6,6283,2211961573,0.997664,2362210048,0
27/02/2018,171089780.8,7388,2215358924,0.998677,2473019904,0
28/02/2018,145495582.4,3722,2217140813,1,2414230016,0
1/03/2018,168506870.1,4360,2217732648,0.999847,2285570048,0
2/03/2018,164351218.8,3435,2213125572,0.998189,2172250112,0
3/03/2018,123518128.6,3063,2208524707,0.995248,2181489920,0
4/03/2018,118973184.6,2493,2217140813,1,2133910016,0
5/03/2018,246768727.1,3609,2211644522,0.997521,2227680000,0
6/03/2018,279575695.1,9940,2240431878,1.01,2491849984,0
7/03/2018,294398824.2,16480,2218980859,0.998354,3037380096,0
8/03/2018,272498011.8,5394,2208162491,1,2636689920,0
9/03/2018,338077556.3,6887,2220206100,0.999723,3131620096,0
10/03/2018,164877040.7,4061,2201301604,0.997607,2218810112,0
11/03/2018,194444873.5,4422,2225654634,1,2394810112,0
12/03/2018,195616576.4,9180,2222351094,1,2155559936,0
13/03/2018,274895331.1,12506,2217140813,1,1890040064,0
14/03/2018,248779719.6,5874,2215636700,0.996581,2151670016,0
15/03/2018,455499650.5,6636,2219978754,1,2259869952,0
16/03/2018,318982163.5,4840,2211617915,0.997509,1872050048,0
17/03/2018,275038142.6,3661,2220732582,1,1687920000,0
18/03/2018,342601640.3,5937,2246209303,1.01,2639470080,0
19/03/2018,513286612.6,7284,2177662405,0.982194,2638089984,0
20/03/2018,335153513.2,5571,2239312221,1.01,2506319872,300000000
21/03/2018,416977640.8,6449,2210351928,0.996938,2353890048,0
22/03/2018,638245687.6,5857,2285905757,0.99946,2171849984,0
23/03/2018,329169778.1,5500,2285359130,0.999221,1995699968,0
24/03/2018,125880690.2,4270,2285102767,1,1785500032,0
25/03/2018,114475592.1,3842,2287140813,1,1511320064,0
26/03/2018,260992726.8,5267,2287137168,0.9966,2183960064,0
27/03/2018,345059932.1,6407,2290823110,1,2051079936,0
28/03/2018,316454889.4,4700,2287140813,1,1857049984,0
29/03/2018,275591847.5,5396,2287140814,1,2486609920,0
30/03/2018,461237410.2,6846,2277756675,0.995897,2596849920,0
31/03/2018,137558566.8,3948,2282067251,0.997014,1763719936,0
1/04/2018,153496514,4292,2277310683,0.995702,1832530048,0
2/04/2018,172498000.6,3433,2287438142,1,1550880000,0
3/04/2018,151372142.8,4040,2282466143,0.997587,1753520000,0
4/04/2018,289707368,4232,2289039140,1,1772329984,0
5/04/2018,127763175.8,3525,2292927280,1,1609469952,0
6/04/2018,105111882.4,3181,2289633797,1,1257110016,0
7/04/2018,154342649.4,3044,2287140813,1,1332259968,0
8/04/2018,105281099.5,5925,2287140813,1,1090880000,0
9/04/2018,176401033.8,5804,2281516734,0.997541,1678770048,0
10/04/2018,112104478.6,6299,2280171895,0.996953,1253949952,0
11/04/2018,175570213,4305,2282206075,0.997593,1741699968,0
12/04/2018,345645336.4,10816,2278925403,0.996408,3636590080,0
13/04/2018,327844945.6,11193,2277624021,0.995839,3218919936,0
14/04/2018,190676699,4976,2287140814,1,2060220032,0
15/04/2018,140804388.3,4685,2278696690,0.996308,2057859968,0
16/04/2018,211599040.1,5510,2284588364,0.998884,2125180032,0
17/04/2018,186466551.9,5898,2280775700,0.997217,2075650048,0
18/04/2018,198306407.8,5529,2287140814,1,2112089984,0
19/04/2018,181325649.6,6634,2282353828,0.997907,2217799936,0
20/04/2018,279573150.1,7788,2281537318,0.99755,3458870016,0
21/04/2018,403101018.9,7526,2280441778,0.997071,3570040064,0
22/04/2018,271410734.3,7882,2287140814,1,3176019968,0
23/04/2018,353379936.9,12022,2276002437,0.99513,3075480064,0
24/04/2018,358605962.9,13004,2295669828,0.998974,5033249792,0
25/04/2018,676602317.4,8856,2441312222,1.01,6126580224,0
26/04/2018,359570548.6,8985,2417140813,1,4206320128,0
27/04/2018,345178777.1,8818,2427171948,1,4060179968,0
28/04/2018,619007834.8,27581,2417140814,1,4066050048,0
29/04/2018,423246703.1,11583,2414399776,0.998866,5167799808,0
30/04/2018,336626401.1,9143,2411226070,0.997553,4498440192,0
1/05/2018,190120793.1,7595,2425576635,1,3901110016,0
2/05/2018,468948500.7,9341,2317140813,1,3711889920,0
3/05/2018,463649070.1,11473,2308490927,0.996267,4307829760,0
4/05/2018,578468683.5,10624,2289812222,1.01,3844979968,0
5/05/2018,347349861.1,11011,2265889352,0.999448,3848780032,0
6/05/2018,371897437.7,8359,2188145720,0.995906,3948859904,0
7/05/2018,625975769,9462,2147112265,0.995351,4137240064,0
8/05/2018,562139161,15548,2108957884,0.998745,3317769984,0
9/05/2018,649494039.3,8851,2108215455,1,3236689920,0
10/05/2018,506609438.8,9402,2108744823,0.999422,3430200064,0
11/05/2018,508808738.2,11088,2111881880,1,4733060096,0
12/05/2018,548917907.8,9717,2209016276,0.99975,4539990016,0
13/05/2018,216180675.2,6157,2214314021,1,3179099904,0
14/05/2018,323700980.3,8743,2209943882,1,3820280064,0
15/05/2018,316805467.6,8581,2209656954,1,3315440128,0
16/05/2018,521212927,10138,2307140813,1,3238190080,0
17/05/2018,347038197.3,8229,2307579170,1,3026749952,0
18/05/2018,760648183.6,9309,2509923740,1,3051709952,250000000
19/05/2018,157724456.1,6470,2508043384,1,2569299968,0
20/05/2018,156827602.2,5418,2507140813,1,2610939904,0
21/05/2018,270942016.3,7119,2513561070,0.999592,2406449920,0
22/05/2018,269025336.9,6433,2514587022,1,2417590016,0
23/05/2018,553239407.4,10222,2517219520,1,3360600064,0
24/05/2018,396919708.2,7888,2507140813,1,3122710016,0
25/05/2018,318328632.1,7017,2506468118,0.999292,2375610112,0
26/05/2018,121329103.5,5256,2507140813,1,1872140032,0
27/05/2018,307714416.4,5052,2507140813,1,1885900032,0
28/05/2018,575923263.4,11068,2513383594,1,2582710016,0
29/05/2018,421874799.2,9331,2507014212,0.99927,3003919872,0
30/05/2018,239187330.4,7969,2505854650,0.999487,2429060096,0
31/05/2018,300466668.5,8360,2507140813,1,2613339904,0
1/06/2018,283787494.4,7240,2507334107,0.999088,2486080000,0
2/06/2018,199065601.6,6549,2507140813,1,3187569920,0
3/06/2018,181084251.7,6544,2487407618,0.99203,2796300032,0
4/06/2018,276393828.3,7815,2502710223,0.997714,2798279936,0
5/06/2018,238673352.3,7727,2507848450,0.999263,2796069888,0
6/06/2018,282085379.1,8648,2503644763,0.997917,2508359936,0
7/06/2018,244320120.6,10076,2505794479,0.999463,2554540032,0
8/06/2018,194057003.5,8421,2511477898,0.99994,2219579904,0
9/06/2018,199293078,8368,2497409662,1,2006880000,0
10/06/2018,380814666.4,10911,2532211749,1.01,3845029888,0
11/06/2018,499738185.4,13152,2537098917,1.01,2913220096,0
12/06/2018,517747177,12930,2509070844,1,2702340096,0
13/06/2018,670567224.9,15092,2515990551,1,3056750080,0
14/06/2018,456676258.8,14278,2517043550,1,3104209920,0
15/06/2018,472479392.2,12839,2599267298,1,2376110080,0
16/06/2018,230898416.4,9546,2618194621,1,1797939968,0
17/06/2018,231780226.9,9724,2595472748,1,1548390016,0
18/06/2018,316673720.7,10973,2614518553,1,2073910016,0
19/06/2018,334227386,12957,2607713917,1,2253370112,0
20/06/2018,334169670.6,13373,2607140345,1,2215259904,0
21/06/2018,312832051.6,14323,2608522130,1,2017639936,0
22/06/2018,442213525.8,14967,2614961767,1,3747810048,0
23/06/2018,237459259.3,11563,2612302484,1,2500859904,0
24/06/2018,371625571.4,12739,2591573039,0.998875,3952620032,0
25/06/2018,508999476.4,13827,2708818773,1,3956019968,250000000
26/06/2018,303515390.8,11480,2705498051,0.998834,2025110016,0
27/06/2018,364153361.9,11184,2707140346,1,2055360000,0
28/06/2018,268673087.9,10709,2703954042,0.998823,2331049984,0
29/06/2018,307027787.8,10878,2705418162,0.996047,2482319872,0
30/06/2018,269251572.6,11231,2707140345,1,2540620032,0
1/07/2018,211461961.2,11991,2699893331,0.997323,3653040128,0
2/07/2018,303760185.5,15548,2705521475,0.999402,2787729920,0
3/07/2018,432166457.7,14256,2701087674,0.997445,2786769920,0
4/07/2018,288936655.7,16058,2704046085,0.998857,2638139904,0
5/07/2018,328126197,14905,2696794245,1,3606159872,0
6/07/2018,377551351.9,13423,2641532698,1.01,2460250112,0
7/07/2018,273716156.5,11511,2597357116,1,2134790016,0
8/07/2018,191212432.4,11092,2618220692,1,2142080000,0
9/07/2018,344758147.1,13980,2600687028,1,2358560000,0
10/07/2018,333151839.7,13548,2636371603,1.01,2974149888,0
11/07/2018,310416403.7,13935,2610164628,1,2524790016,0
12/07/2018,331388401.8,11466,2707140346,1,2404160000,0
13/07/2018,240814509.5,11179,2709295542,0.999377,2279970048,0
14/07/2018,860232351.9,11149,2714314268,1,1620770048,0
15/07/2018,163783982.1,8310,2707140345,1,1919559936,0
16/07/2018,288709531.6,11601,2704341163,0.998966,2864659968,0
17/07/2018,381102058.6,12985,2707492274,1,3620499968,0
18/07/2018,380531277.3,15572,2711701449,0.999476,4082030080,0
19/07/2018,353623742.9,12422,2707140345,1,3188349952,0
20/07/2018,400403383.2,11715,2657007193,0.998921,3072349952,0
21/07/2018,159160711.8,8796,2657246631,1,2164900096,0
22/07/2018,182721946.1,7657,2657140346,1,2209939968,0
23/07/2018,471033675.7,10317,2607140345,1,2808819968,0
24/07/2018,712129312.1,14013,2501920479,0.997918,4417310208,0
25/07/2018,359697811.2,13362,2488015879,0.992372,3514560000,0
26/07/2018,365979289.9,11645,2498967068,0.99674,2894500096,0
27/07/2018,247790803.6,12242,2506019654,0.999553,3092310016,0
28/07/2018,164004644.9,8177,2496123971,0.995606,2298899968,0
29/07/2018,220882400,7312,2498122162,0.996403,2404489984,0
30/07/2018,350924070.1,10005,2505427969,0.999317,4311410000,0
31/07/2018,518276606.2,11322,2461421400,0.999708,3253100000,0
1/08/2018,292276964.4,11127,2395258591,0.999215,3059190000,0
2/08/2018,320129497.2,9709,2415702563,0.998746,2539460000,0
3/08/2018,425716477.2,11727,2437140346,1,2843800000,0
4/08/2018,205637161,6938,2437140346,1,2526060000,0
5/08/2018,126902189.1,8549,2432197825,0.997972,2204100000,0
6/08/2018,221797199.7,9465,2439455629,1,2336390000,0
7/08/2018,275872367.5,10400,2439468060,0.999416,2942000000,0
8/08/2018,494773486.1,12711,2411208413,1,3421800000,0
9/08/2018,283227640.4,9348,2417346621,1,2626630000,0
10/08/2018,262251186,8606,2410943627,1,2887490000,0
11/08/2018,305250279.6,8816,2406782850,1,2630390000,0
12/08/2018,135441392.2,6748,2432403042,1.01,4066320000,0
13/08/2018,379995086.2,9306,2416600407,1,2596380000,0
14/08/2018,460433959.1,11873,2407140346,1,3917750000,0
15/08/2018,505237209.8,11516,2398170829,0.99503,3277720000,0
16/08/2018,299444644.8,9159,2410077057,1,2741290000,0
17/08/2018,284473814.2,9464,2702140335,1,3783430000,0
18/08/2018,191389386.4,7905,2729925657,1,3247510000,0
19/08/2018,163219634.9,6022,2750791407,1.01,2622560000,0
20/08/2018,230291053.7,7955,2709715517,1,2596870000,0
21/08/2018,353342366.7,8261,2852356992,1.01,2350790000,0
22/08/2018,468059716.5,9825,2823128085,1,3325510000,0
23/08/2018,311211982.8,8911,2792140336,1,2392970000,0
24/08/2018,297346309.2,7503,2792716085,0.998429,2850500000,0
25/08/2018,171064651.4,6666,2790843490,0.998537,1958700000,0
26/08/2018,82279649.68,5602,2792140335,1,1946530000,0
27/08/2018,397771664.7,8433,2812140335,1,2718980000,0
28/08/2018,318498706,9613,2805588049,0.99767,2991530000,0
29/08/2018,398459118.6,10221,2783976548,1,3024040000,0
30/08/2018,434684108,9155,2781486511,0.999735,2764870000,0
31/08/2018,316587604.7,8537,2751765248,1,2659230000,0
1/09/2018,247955705.8,10432,2742140335,1,2910380000,0
2/09/2018,388758071.4,8576,2833230225,0.996865,2844130000,0
3/09/2018,312577168.8,9016,2789239281,0.995396,2530750000,0
4/09/2018,345324689.8,8807,2766108192,0.999627,2758550000,0
5/09/2018,554877387.8,11064,2750430899,0.999856,4000180000,0
6/09/2018,407370929.8,12450,2786519380,1.01,3695980000,0
7/09/2018,269824872.4,9076,2746487701,1,2778320000,0
8/09/2018,169394676.9,8107,2795901413,1.01,2345090000,0
9/09/2018,147735918.4,9815,2770148716,1,2470930000,0
10/09/2018,366226656.8,9341,2756723574,0.998831,2300220000,0
11/09/2018,201829748.4,10399,2759106168,0.99645,2375530000,0
12/09/2018,324059316.7,11423,2759867263,1,2512200000,0
13/09/2018,247171503.9,10010,2746460410,1,3009780000,0
14/09/2018,181135840.2,9440,2760094891,0.998975,2804570000,0
15/09/2018,145238859.2,7638,2786380181,1.01,2112840000,0
16/09/2018,100894161,5934,2759067900,1,2103110000,0
17/09/2018,314763235.3,9712,2765021627,0.999014,2854420000,0
18/09/2018,295525377.2,9612,2790249922,1.01,2687350000,0
19/09/2018,258761631.1,12800,2785906904,1.01,2635660000,0
20/09/2018,214742029.1,10277,2759156540,0.999453,2689090000,0
21/09/2018,596390252.6,13935,2802764968,0.998697,5090540000,0
22/09/2018,288991692,8854,2786658020,0.992045,3352660000,0
23/09/2018,184169257.1,7160,2795653496,0.996163,2804770000,0
24/09/2018,182287454.8,7626,2806530141,0.999409,2852810000,0
25/09/2018,423870090,10665,2835733127,1.01,3572280000,0
26/09/2018,193636336.3,9809,2812399414,1,3380990000,0
27/09/2018,216931374.5,10613,2806421736,1,3408680000,0
28/09/2018,352715527.9,11738,2795756203,0.994787,3447280000,0
29/09/2018,307586739.5,9770,2806421736,1,3249000000,0
30/09/2018,172625808.2,10254,2807432047,1,3307320000,0
1/10/2018,192383489.4,10195,2797491702,0.996818,3069480000,0
2/10/2018,236525287,9030,2793456067,0.99538,2818190000,0
3/10/2018,318387965.8,8843,2806421736,1,2812780000,0
4/10/2018,177000285.2,8295,2801763076,0.99834,2374680000,0
5/10/2018,143827912,7294,2795743301,0.996195,2330830000,0
6/10/2018,95436716.1,7463,2796607679,0.996503,2238520000,0
7/10/2018,148904176.8,6798,2800634894,0.997938,2187670000,0
8/10/2018,283410586.3,11022,2795838719,0.996229,2594100000,0
9/10/2018,382510453,10811,2696608250,0.996374,2183500000,0
10/10/2018,229332956.9,11728,2693788159,0.995332,2295300000,0
11/10/2018,514573498.5,14014,2687298159,0.992934,3772600000,0
12/10/2018,350011101.3,10939,2702914213,0.998704,2962380000,0
13/10/2018,204358563.3,7692,2692987058,0.995036,1961540000,0
14/10/2018,314214440.9,7263,2476016334,0.987869,2008170000,0
15/10/2018,982968394.9,19574,2489087323,0.993084,5891700000,0
16/10/2018,726892424.2,14399,2209585189,0.979243,2585550000,0
17/10/2018,373292117.6,13539,2155846136,0.977078,2569210000,0
18/10/2018,341240330.2,11919,2067991919,0.972522,2485030000,0
19/10/2018,249292650.4,11383,2037573961,0.981291,2322570000,0
20/10/2018,167278430.4,9784,2052005093,0.988241,2094040000,0
21/10/2018,85091623.62,9989,2043921582,0.984348,2188330000,0
22/10/2018,241943753.9,11076,2046782892,0.985726,2213350000,0
23/10/2018,428419499.6,11762,1995849111,0.984913,2111740000,0
24/10/2018,657317808.5,12890,1998074122,0.986011,1781560000,-500000000
25/10/2018,325513181.7,14514,1908010923,0.990443,1677800000,0
26/10/2018,160445402.3,11590,1904404661,0.988571,1881270000,0
27/10/2018,203511349.1,9418,1902877009,0.987778,1671750000,0
28/10/2018,150580158.5,10803,1917219219,0.995223,1729890000,0
29/10/2018,233990011.6,14418,1919417266,0.996364,2296810000,0
30/10/2018,389395481.8,17022,1818979067,0.995925,1983070000,0
31/10/2018,321824321.1,19216,1773835265,0.998544,2152470000,0
1/11/2018,217632334.7,17133,1754013952,0.987386,2043660000,0
2/11/2018,343079269.3,17175,1759925884,0.990714,2373920000,0
3/11/2018,143098675.7,9031,1764160873,0.993098,2117390000,0
4/11/2018,156231132.3,8619,1774680842,0.99902,2955200000,0
5/11/2018,204444319.5,12811,1758389279,0.989849,2757810000,0
6/11/2018,246326838,12120,1768832620,0.994805,3076640000,0
7/11/2018,266096694.3,10893,1764917628,0.993524,3266710000,0
8/11/2018,195232567.1,10021,1762661573,0.992254,2951660000,0
9/11/2018,226586598.7,9806,1766445351,0.994384,2643090000,0
10/11/2018,122497960.3,7672,1768244866,0.995397,2558040000,0
11/11/2018,185976641.3,7685,1701648874,0.997203,2634060000,0
12/11/2018,173252418.1,10356,1689821665,0.990272,2716680000,0
13/11/2018,197707477.8,9568,1685666528,0.987837,2679670000,0
14/11/2018,268997300.1,10925,1677753850,0.9832,4749050000,0
15/11/2018,485219600.7,16815,1659628239,0.972578,4956910000,0
16/11/2018,252845177.6,11581,1677718015,0.983179,3454560000,0
17/11/2018,186323070.7,7804,1738780236,0.989956,2909490000,0
18/11/2018,91513514.68,6926,1730454797,0.985216,3037000000,0
19/11/2018,332639958.4,12217,1745818217,0.993963,5189080000,0
20/11/2018,529157882.5,15269,1765874793,0.977554,5908970000,0
21/11/2018,340027162.4,15110,1758457626,0.973448,4348950000,0
22/11/2018,241154988.1,12434,1778935222,0.984784,3287830000,0
23/11/2018,230131958.1,12873,1790004975,0.990912,3775250000,0
24/11/2018,167638513.8,10297,1773635181,0.98185,3549490000,0
25/11/2018,370763965.8,12080,1816462258,0.978475,5223930000,0
26/11/2018,238498389.3,13797,1810059459,0.975026,4696030000,0
27/11/2018,243795000.5,12749,1817392326,0.978976,4071230000,0
28/11/2018,288278658.6,13480,1825456621,0.98332,4765620000,0
29/11/2018,246152355.3,14232,1847444267,0.995164,4348557871,0
30/11/2018,233837043,13431,1850114710,0.996603,4065662222,0
1/12/2018,151742579.5,10251,1849010863,0.994961,3306556081,0
2/12/2018,110658965.8,8108,1856125939,0.999841,3221855294,0
3/12/2018,180937279.8,12038,1850250643,0.996676,3069963646,0
4/12/2018,216282020.6,12408,1847811386,0.995331,3048831081,0
5/12/2018,177124259.8,13138,1856421442,1,3119796461,0
6/12/2018,248959183.2,13631,1840450978,0.991397,3702066873,0
7/12/2018,257793201.4,15253,1856853361,0.998803,4636871756,0
8/12/2018,126215003.4,9305,1856377055,1,3700874976,0
9/12/2018,133787167.9,9708,1885200219,1.02,3210392369,0
10/12/2018,172735715.5,13697,1887246299,1.02,3208473004,0
11/12/2018,176958097.5,12526,1893163990,1.02,3002221768,0
12/12/2018,156748026.4,13961,1874533234,1.01,2623601152,0
13/12/2018,177794828.7,12255,1881319381,1.01,2657124589,0
14/12/2018,165167039.7,13495,1860500701,1,2751719689,0
15/12/2018,106323325.6,11090,1865684231,1,2191631708,0
16/12/2018,100140959.6,11142,1868184263,1.01,2322330505,0
17/12/2018,800527454.7,15112,1874876148,1.01,3775394830,0
18/12/2018,222790291.3,15612,1880309990,1.01,4567397832,0
19/12/2018,320898672.4,17187,1879328388,1.01,5315586579,0
20/12/2018,297467401.2,16092,1892468256,1.02,6967777735,0
21/12/2018,272729890.4,16056,1885208114,1.02,5957952408,0
22/12/2018,147774423.5,12037,1876467083,1.01,4244056323,0
23/12/2018,151710082.5,12021,1886040853,1.02,5243877298,0
24/12/2018,291237624.2,18502,1885710064,1.02,6912098933,0
25/12/2018,222473245.2,17672,1891786345,1.02,5493940637,0
26/12/2018,233058682.9,15694,1892714209,1.02,4461185016,0
27/12/2018,236616913.7,15116,1901298702,1.02,3977540744,0
28/12/2018,284922687,15916,1901200729,1.02,4639997631,0
29/12/2018,148759753.7,13574,1898037885,1.02,4372940348,0
30/12/2018,116624745.8,11285,1912194495,1.03,3762583033,0
31/12/2018,150470435.5,11685,1902854518,1.02,3447513904,0
1/01/2019,77201626.92,9951,1892772547,1.02,3139234963,0
2/01/2019,291574794.6,15153,1908446134,1.02,4442755398,0
3/01/2019,226498297.1,16284,1900260730,1.02,3487202823,0
4/01/2019,243268905.1,15639,1898444419,1.02,3895786727,0
5/01/2019,197081493.2,12879,1900850297,1.02,3993806914,0
6/01/2019,198482998.5,12164,1910347641,1.02,4224650070,0
7/01/2019,269549033.3,15988,1918660232,1.02,3761972510,0
8/01/2019,274065464.7,15926,1902680590,1.01,3843200052,0
9/01/2019,235155666.4,15440,1924061690,1.02,3694148978,0
10/01/2019,397197696.7,19064,1951532809,1.02,5844376311,0
11/01/2019,314550726.2,16401,1992671198,1.03,4194066259,0
12/01/2019,148057827.3,12561,1968628488,1.02,3258438567,0
13/01/2019,123324268.4,11473,1967105373,1.02,3380321686,0
14/01/2019,313083953.4,18345,1994117522,1.02,4072427029,0
15/01/2019,318017782.9,18966,2030634314,1.02,3956962447,0
16/01/2019,222470081.3,17221,2034461698,1.02,3933540777,0
17/01/2019,280594033.2,16770,2039914521,1.02,4146824182,0
18/01/2019,257409851.5,17351,2049916429,1.02,3661299223,0
19/01/2019,175108730.5,14333,2029888798,1.01,3961648844,0
20/01/2019,142664235.3,14337,2050721693,1.02,4389435191,0
21/01/2019,211727457,18508,2063854397,1.02,3497758658,0
22/01/2019,193847629.1,16978,2035374036,1.01,3879616222,0
23/01/2019,176238236.2,16685,2033881765,1.01,3663985821,0
24/01/2019,170726725.4,17235,2034477909,1.01,3581348682,0
25/01/2019,191023072.9,18098,2038477177,1.01,3634209137,0
26/01/2019,114704229.4,15938,2035939570,1.01,3445405585,0
27/01/2019,109659352.4,15640,2034836041,1.01,3932642453,0
28/01/2019,294083330.7,20244,2038694610,1.01,4951907623,0
29/01/2019,227701549.1,20674,2039923121,1.01,4206195777,0
30/01/2019,174910418.7,17870,2035381727,1.01,4249354160,0
31/01/2019,270106067.8,20162,2033970566,1.01,4110696174,0
1/02/2019,171953638.7,16315,2013471072,1,3949396927,0
2/02/2019,107424121.4,15470,2046574352,1.01,3806913471,0
3/02/2019,114653277.4,12429,2020950151,1,3756996124,0
4/02/2019,126949078.8,10521,2020856844,1,3770858317,0
5/02/2019,95666453.55,9062,2017693389,0.998435,3691717612,0
6/02/2019,142153573.6,10385,2022113893,0.999498,4271302713,0
7/02/2019,104677623.4,9925,2023283054,1,3569921563,0
8/02/2019,204239423,11162,2025330851,1,6153689552,0
9/02/2019,147092150.5,9219,2021998987,1,4749715865,0
10/02/2019,113221205.2,8556,2029926999,1,4965113768,0
11/02/2019,151005809.5,10204,2027856142,1,5144064149,0
12/02/2019,133272525.7,11640,2029502697,1,5105059634,0
13/02/2019,177021258.1,15454,2029480830,1,5228665975,0
14/02/2019,155195696.9,13338,2014417760,1,4761618448,0
15/02/2019,127977534.9,11577,2048698900,1.01,5016161093,0
16/02/2019,114228209.4,12639,2028056761,1,4506743621,0
17/02/2019,117290691.9,14183,2023392364,1,5746888553,0
18/02/2019,244093470.7,18367,2012358570,1,9082574152,0
19/02/2019,322594026.6,19519,2016687656,1,9304885086,0
20/02/2019,249377536.7,18098,2035565492,1.01,8091720630,0
21/02/2019,213348704.8,16348,2050693141,1.01,6765318432,0
22/02/2019,269727731.5,17559,2018536636,1,6931449681,0
23/02/2019,142472343.2,15234,2038700777,1.01,8122320488,0
24/02/2019,285552791.1,19831,2045808840,1.01,11405442806,0
25/02/2019,292447483.3,23958,2031768958,1.01,9138604588,0
26/02/2019,235804622.3,20164,2043385025,1.01,7159288173,0
27/02/2019,201428813.4,19366,2039742726,1.01,7569906987,0
28/02/2019,224547757.6,22692,2041809695,1.01,7911756336,0
1/03/2019,202921459.9,19977,2035341543,1.01,6628411253,0
2/03/2019,204897471.6,15635,2046557763,1.01,6623334103,0
3/03/2019,119097506,14342,2043328705,1.01,6148316202,0
4/03/2019,317114198,20663,2046154638,1.01,8129567032,0
5/03/2019,284349884.8,22115,2045218544,1.01,9791470887,0
6/03/2019,246506363.7,22709,2015364290,1.01,8754632122,0
7/03/2019,227697276.5,24770,2011160434,1.01,8964016754,0
8/03/2019,210343939.4,23515,2013254636,1.01,9170949582,0
9/03/2019,158463083.6,18896,2006176237,1.01,9012563866,0
10/03/2019,136193809.6,18264,2011853490,1.01,7993146408,0
11/03/2019,256933704.6,25427,2013884109,1.01,8754662156,0
12/03/2019,244904313.1,25368,2009529080,1.01,8193056943,0
13/03/2019,283709429.4,28013,2016486636,1.01,7861726433,0
14/03/2019,265165169.8,30585,2021198680,1.01,8089597848,0
15/03/2019,248522490.9,29551,2019386958,1.01,8024364516,0
16/03/2019,233333562.7,26880,2023624450,1.01,9333467997,0
17/03/2019,144562830.6,23550,2020136779,1.01,7070867589,0
18/03/2019,268419987.9,29951,2023596102,1.01,8604028178,0
19/03/2019,294552394.9,33796,2039364772,1.01,8243478388,0
20/03/2019,309765006,34474,2052542191,1.02,9474331302,0
21/03/2019,312645867.3,30150,2034791375,1.01,10022422933,0
22/03/2019,220708832.8,28797,2026517620,1.01,8043069056,0
23/03/2019,185487202.8,23201,2035564495,1.01,8252465265,0
24/03/2019,149439379.2,22106,2032100364,1.01,7789146127,0
25/03/2019,266864324.6,29212,2035968594,1.01,9042276853,0
26/03/2019,237286797.3,27767,2041600212,1.01,9075098633,0
27/03/2019,322186698.6,36936,2052994600,1.01,10893307729,0
28/03/2019,213930249.6,31607,2050152763,1.01,8064353737,0
29/03/2019,535310719.7,36827,2048783582,1.01,9802241562,0
30/03/2019,275635301.1,38327,2024275166,0.997396,9083798415,0
31/03/2019,209338728.4,38150,2029986705,1,8108743211,0
1/04/2019,267214887.6,36725,2044790317,1,9569263475,0
2/04/2019,591442061.7,42613,2038239944,1,21843762437,0
3/04/2019,528588446.2,40364,2083736155,1.01,26557549335,0
4/04/2019,525901997.6,35041,2086183477,1.01,19847220123,0
5/04/2019,324132935.3,28184,2071176073,1,16216708300,0
6/04/2019,271834495.2,22723,2107810169,1.01,16693450474,0
7/04/2019,400645004.4,28758,2090015279,1,16782653244,0
8/04/2019,1073274237,44444,2137354479,1,17972924418,0
9/04/2019,645115188.8,36503,2212375022,1.01,14315304509,0
10/04/2019,737299806.1,37996,2294121965,1.01,15995091262,0
11/04/2019,634668494.5,37915,2296030160,1,17391967979,0
12/04/2019,581358825.5,31636,2425813372,1.01,13546700426,0
13/04/2019,241311684.5,22922,2434771925,1.01,10655745799,0
14/04/2019,207878916.6,23332,2431637598,1.01,9870255987,0
15/04/2019,412634094.7,33677,2485833651,1.01,12810459909,0
16/04/2019,409696717.8,30164,2476792051,1,10983003413,0
17/04/2019,463490698.6,33628,2541510568,1.01,11369931706,0
18/04/2019,506119908.4,38218,2587352229,1.01,12499290660,0
19/04/2019,346122100.1,33570,2556956908,1,12376436010,0
20/04/2019,287736396.9,30617,2580691185,1.01,11106675016,0
21/04/2019,339800872.9,35818,2601017107,1.01,12526292374,0
22/04/2019,457095022.4,43049,2627691194,1.01,12392918470,0
23/04/2019,481614985.2,38277,2698944300,1.01,13668552021,0
24/04/2019,759254265.7,46822,2843517618,1.01,15689022306,300000000
25/04/2019,679095686.9,43542,2892057994,1.01,13786916955,0
26/04/2019,747980842.8,42281,2830325494,0.994202,15229200868,0
27/04/2019,345978987.5,31976,2822253282,0.991367,10698521526,0
28/04/2019,303294236.5,34784,2831619959,0.994657,10548623452,0
29/04/2019,471320582.8,42236,2818486286,0.993907,12221464798,0
30/04/2019,1200098090,38223,2823270034,1,12702033347,0
1/05/2019,313088014.2,31085,2828148338,1.01,11389167590,0
2/05/2019,361119009.1,30738,2782770293,1,12403603820,0
3/05/2019,365660467,36355,2783727234,1,16697196560,0
4/05/2019,276177544.3,33114,2781657476,1,15580791271,0
5/05/2019,332343565,39944,2786657649,1,12450308259,0
6/05/2019,1054455297,45049,2776596123,1,14133150896,0
7/05/2019,471920853.6,46455,2775369123,0.999558,16055442570,0
8/05/2019,518812265.8,60032,2774968223,0.998043,12724666198,0
9/05/2019,636677399.3,54673,2776594568,1,13582927983,0
10/05/2019,469542009.1,46362,2776762051,0.998959,16345518855,0
11/05/2019,486728199.9,48336,2780202557,1,26823706394,0
12/05/2019,393601084,49072,2778093225,1,26115401657,0
13/05/2019,619009805.9,47701,2774522037,0.995625,24593762690,0
14/05/2019,794358623.2,46335,2801454823,1,31171158466,0
15/05/2019,741873444.7,57988,2831709801,1,27509475185,0
16/05/2019,804668369,65859,2837082042,1,34137196163,0
17/05/2019,766792639.2,56782,2838168862,0.999802,32783960324,0
18/05/2019,401249325.3,52511,2819974655,0.993393,21555335780,0
19/05/2019,449417708.5,58907,2834179357,0.997268,26838449167,0
